0,1,2,3,4,5,6,7,8,9,10,11,12
2023.12.08 16:00:00,1095,EURUSD,buy,0.1 / 0.1,0.1 / 0.1,0.00000,,,2023.12.08 16:00:00,2023.12.08 16:00:00,filled,
2023.12.08 16:31:20,1096,EURUSD,buy,0.1 / 0.1,0.1 / 0.1,0.00000,,,2023.12.08 16:31:20,2023.12.08 16:31:20,filled,
2023.12.12 09:00:00,1097,EURUSD,sell,0.1 / 0.1,0.1 / 0.1,0.00000,,,2023.12.12 09:00:00,2023.12.12 09:00:00,filled,
2023.12.12 09:00:31,1098,EURUSD,sell,0.1 / 0.1,0.1 / 0.1,0.00000,,,2023.12.12 09:00:31,2023.12.12 09:00:31,filled,
2023.12.15 10:45:00,1099,EURUSD,buy,0.1 / 0.1,0.1 / 0.1,0.00000,,,2023.12.15 10:45:00,2023.12.15 10:45:00,filled,
2023.12.15 10:51:40,1100,EURUSD,buy,0.1 / 0.1,0.1 / 0.1,0.00000,,,2023.12.15 10:51:40,2023.12.15 10:51:40,filled,
2023.12.18 09:45:00,1101,EURUSD,sell,0.1 / 0.1,0.1 / 0.1,0.00000,,,2023.12.18 09:45:00,2023.12.18 09:45:00,filled,
2023.12.18 09:45:40,1102,EURUSD,sell,0.1 / 0.1,0.1 / 0.1,0.00000,,,2023.12.18 09:45:40,2023.12.18 09:45:40,filled,
2023.12.20 08:00:00,1103,EURUSD,buy,0.1 / 0.1,0.1 / 0.1,0.00000,,,2023.12.20 08:00:00,2023.12.20 08:00:00,filled,
2023.12.20 09:24:38,1104,EURUSD,buy,0.1 / 0.1,0.1 / 0.1,0.00000,,,2023.12.20 09:24:38,2023.12.20 09:24:38,filled,
2023.12.21 13:45:00,1105,EURUSD,sell,0.1 / 0.1,0.1 / 0.1,0.00000,,,2023.12.21 13:45:00,2023.12.21 13:45:00,filled,
2023.12.21 14:57:28,1106,EURUSD,sell,0.1 / 0.1,0.1 / 0.1,0.00000,,,2023.12.21 14:57:28,2023.12.21 14:57:28,filled,
2023.12.28 16:00:00,1107,EURUSD,buy,0.1 / 0.1,0.1 / 0.1,0.00000,,,2023.12.28 16:00:00,2023.12.28 16:00:00,filled,
2023.12.28 16:04:40,1108,EURUSD,buy,0.1 / 0.1,0.1 / 0.1,0.00000,,,2023.12.28 16:04:40,2023.12.28 16:04:40,filled,
2023.12.29 23:54:59,1109,EURUSD,sell,0.1 / 0.1,0.1 / 0.1,0.00000,,,2023.12.29 23:54:59,2023.12.29 23:54:59,filled,end of test
約定,約定,約定,約定,約定,約定,約定,約定,約定,約定,約定,約定,約定
時間,約定,銘柄,タイプ,新規・決済,数量,価格,注文,手数料,スワップ,損益,残高,コメント
2021.01.01 00:00:00,1,,balance,,,,,0.00,0.00,10 000.00,10 000.00,
2021.01.04 10:46:40,2,EURUSD,sell,in,0.1,1.22811,2,-0.70,0.00,0.00,9 999.30,
2021.01.06 18:00:00,3,EURUSD,buy,out,0.1,1.22824,3,0.00,0.50,-1.30,9 998.50,
2021.01.06 18:18:20,4,EURUSD,buy,in,0.1,1.22770,4,-0.70,0.00,0.00,9 997.80,
2021.01.08 15:45:00,5,EURUSD,sell,out,0.1,1.22715,5,0.00,-4.49,-5.50,9 987.81,
2021.01.08 15:45:05,6,EURUSD,sell,in,0.1,1.22712,6,-0.70,0.00,0.00,9 987.11,
2021.01.11 01:45:00,7,EURUSD,buy,out,0.1,1.21874,7,0.00,0.25,83.80,10 071.16,
2021.01.11 01:45:28,8,EURUSD,buy,in,0.1,1.21891,8,-0.70,0.00,0.00,10 070.46,
2021.01.12 20:45:00,9,EURUSD,sell,out,0.1,1.21886,9,0.00,-0.75,-0.50,10 069.21,
2021.01.12 20:45:18,10,EURUSD,sell,in,0.1,1.21879,10,-0.70,0.00,0.00,10 068.51,
2021.01.13 11:15:00,11,EURUSD,buy,out,0.1,1.21840,11,0.00,0.25,3.90,10 072.66,
2021.01.13 11:15:38,12,EURUSD,buy,in,0.1,1.21863,12,-0.70,0.00,0.00,10 071.96,
2021.01.19 02:45:00,13,EURUSD,sell,out,0.1,1.20878,13,0.00,-5.99,-98.50,9 967.47,
2021.01.19 02:45:35,14,EURUSD,sell,in,0.1,1.20871,14,-0.70,0.00,0.00,9 966.77,
2021.01.20 14:00:00,15,EURUSD,buy,out,0.1,1.21120,15,0.00,0.25,-24.90,9 942.12,
2021.01.20 14:00:02,16,EURUSD,buy,in,0.1,1.21125,16,-0.70,0.00,0.00,9 941.42,
2021.01.21 03:15:00,17,EURUSD,sell,out,0.1,1.21277,17,0.00,-3.74,15.20,9 952.88,
2021.01.21 03:15:04,18,EURUSD,sell,in,0.1,1.21274,18,-0.70,0.00,0.00,9 952.18,
2021.01.22 09:30:00,19,EURUSD,buy,out,0.1,1.21563,19,0.00,0.25,-28.90,9 923.53,
2021.01.22 09:30:39,20,EURUSD,buy,in,0.1,1.21564,20,-0.70,0.00,0.00,9 922.83,
2021.01.26 15:45:00,21,EURUSD,sell,out,0.1,1.21604,21,0.00,-1.50,4.00,9 925.33,
2021.01.26 15:45:27,22,EURUSD,sell,in,0.1,1.21598,22,-0.70,0.00,0.00,9 924.63,
2021.01.27 10:30:00,23,EURUSD,buy,out,0.1,1.21470,23,0.00,0.25,12.80,9 937.68,
2021.01.27 10:30:25,24,EURUSD,buy,in,0.1,1.21475,24,-0.70,0.00,0.00,9 936.98,
2021.01.29 13:00:00,25,EURUSD,sell,out,0.1,1.21344,25,0.00,-4.49,-13.10,9 919.39,
2021.01.29 13:00:39,26,EURUSD,sell,in,0.1,1.21326,26,-0.70,0.00,0.00,9 918.69,
2021.02.01 10:45:00,27,EURUSD,buy,out,0.1,1.21086,27,0.00,0.25,24.00,9 942.94,
2021.02.01 10:46:26,28,EURUSD,buy,in,0.1,1.21088,28,-0.70,0.00,0.00,9 942.24,
2021.02.02 04:00:00,29,EURUSD,sell,out,0.1,1.20839,29,0.00,-0.75,-24.90,9 916.59,
2021.02.02 04:06:16,30,EURUSD,sell,in,0.1,1.20834,30,-0.70,0.00,0.00,9 915.89,
2021.02.02 12:30:00,31,EURUSD,buy,out,0.1,1.20376,31,0.00,0.00,45.80,9 961.69,
2021.02.02 13:05:38,32,EURUSD,buy,in,0.1,1.20392,32,-0.70,0.00,0.00,9 960.99,
2021.02.05 10:15:00,33,EURUSD,sell,out,0.1,1.19820,33,0.00,-5.24,-57.20,9 898.55,
2021.02.05 10:15:35,34,EURUSD,sell,in,0.1,1.19797,34,-0.70,0.00,0.00,9 897.85,
2021.02.12 10:15:00,35,EURUSD,buy,out,0.1,1.21124,35,0.00,2.27,-132.70,9 767.42,
2021.02.12 10:15:59,36,EURUSD,buy,in,0.1,1.21125,36,-0.70,0.00,0.00,9 766.72,
2021.02.15 05:15:00,37,EURUSD,sell,out,0.1,1.21334,37,0.00,-0.75,20.90,9 786.87,
2021.02.15 05:15:02,38,EURUSD,sell,in,0.1,1.21332,38,-0.70,0.00,0.00,9 786.17,
2021.02.16 15:45:00,39,EURUSD,buy,out,0.1,1.21187,39,0.00,0.25,14.50,9 800.92,
2021.02.16 16:43:40,40,EURUSD,buy,in,0.1,1.21132,40,-0.70,0.00,0.00,9 800.22,
2021.02.18 11:00:00,41,EURUSD,sell,out,0.1,1.20690,41,0.00,-4.49,-44.20,9 751.53,
2021.02.18 11:00:37,42,EURUSD,sell,in,0.1,1.20660,42,-0.70,0.00,0.00,9 750.83,
2021.02.22 10:45:00,43,EURUSD,buy,out,0.1,1.20929,43,0.00,0.50,-26.90,9 724.43,
2021.02.22 10:46:36,44,EURUSD,buy,in,0.1,1.20936,44,-0.70,0.00,0.00,9 723.73,
2021.02.22 20:45:00,45,EURUSD,sell,out,0.1,1.21689,45,0.00,0.00,75.30,9 799.03,
2021.02.22 20:47:25,46,EURUSD,sell,in,0.1,1.21681,46,-0.70,0.00,0.00,9 798.33,
2021.02.24 17:15:00,47,EURUSD,buy,out,0.1,1.21143,47,0.00,0.50,53.80,9 852.63,
2021.02.24 17:22:28,48,EURUSD,buy,in,0.1,1.21184,48,-0.70,0.00,0.00,9 851.93,
2021.02.24 23:15:00,49,EURUSD,sell,out,0.1,1.21694,49,0.00,0.00,51.00,9 902.93,
2021.02.24 23:15:01,50,EURUSD,sell,in,0.1,1.21693,50,-0.70,0.00,0.00,9 902.23,
2021.02.25 20:45:00,51,EURUSD,buy,out,0.1,1.21732,51,0.00,1.27,-3.90,9 899.60,
2021.02.25 20:52:38,52,EURUSD,buy,in,0.1,1.21784,52,-0.70,0.00,0.00,9 898.90,
2021.03.02 18:00:00,53,EURUSD,sell,out,0.1,1.20623,53,0.00,-2.25,-116.10,9 780.55,
2021.03.02 18:00:05,54,EURUSD,sell,in,0.1,1.20611,54,-0.70,0.00,0.00,9 779.85,
2021.03.03 15:15:00,55,EURUSD,buy,out,0.1,1.20483,55,0.00,0.25,12.80,9 792.90,
2021.03.03 15:15:17,56,EURUSD,buy,in,0.1,1.20489,56,-0.70,0.00,0.00,9 792.20,
2021.03.09 10:00:00,57,EURUSD,sell,out,0.1,1.18809,57,0.00,-5.99,-168.00,9 618.21,
2021.03.09 10:00:29,58,EURUSD,sell,in,0.1,1.18784,58,-0.70,0.00,0.00,9 617.51,
2021.03.10 08:15:00,59,EURUSD,buy,out,0.1,1.18708,59,0.00,0.25,7.60,9 625.36,
2021.03.10 08:26:25,60,EURUSD,buy,in,0.1,1.18721,60,-0.70,0.00,0.00,9 624.66,
2021.03.10 16:15:00,61,EURUSD,sell,out,0.1,1.19227,61,0.00,0.00,50.60,9 675.26,
2021.03.10 16:15:27,62,EURUSD,sell,in,0.1,1.19219,62,-0.70,0.00,0.00,9 674.56,
2021.03.12 04:45:00,63,EURUSD,buy,out,0.1,1.19635,63,0.00,1.52,-41.60,9 634.48,
2021.03.12 04:45:31,64,EURUSD,buy,in,0.1,1.19641,64,-0.70,0.00,0.00,9 633.78,
2021.03.17 21:15:00,65,EURUSD,sell,out,0.1,1.19592,65,0.00,-2.25,-4.90,9 626.63,
2021.03.17 22:13:39,66,EURUSD,sell,in,0.1,1.19632,66,-0.70,0.00,0.00,9 625.93,
2021.03.18 16:15:00,67,EURUSD,buy,out,0.1,1.19118,67,0.00,1.27,51.40,9 678.60,
2021.03.18 16:21:37,68,EURUSD,buy,in,0.1,1.19164,68,-0.70,0.00,0.00,9 677.90,
2021.03.22 14:15:00,69,EURUSD,sell,out,0.1,1.19207,69,0.00,-1.50,4.30,9 680.70,
2021.03.22 14:15:19,70,EURUSD,sell,in,0.1,1.19202,70,-0.70,0.00,0.00,9 680.00,
2021.03.23 11:00:00,71,EURUSD,buy,out,0.1,1.19054,71,0.00,0.25,14.80,9 695.05,
2021.03.23 11:19:31,72,EURUSD,buy,in,0.1,1.19032,72,-0.70,0.00,0.00,9 694.35,
2021.03.31 10:00:00,73,EURUSD,sell,out,0.1,1.17271,73,0.00,-7.49,-176.10,9 510.76,
2021.03.31 10:00:26,74,EURUSD,sell,in,0.1,1.17262,74,-0.70,0.00,0.00,9 510.06,
2021.04.02 16:15:00,75,EURUSD,buy,out,0.1,1.17574,75,0.00,1.52,-31.20,9 480.38,
2021.04.02 16:32:59,76,EURUSD,buy,in,0.1,1.17570,76,-0.70,0.00,0.00,9 479.68,
2021.04.05 15:45:00,77,EURUSD,sell,out,0.1,1.17780,77,0.00,-0.75,21.00,9 499.93,
2021.04.05 17:58:37,78,EURUSD,sell,in,0.1,1.17982,78,-0.70,0.00,0.00,9 499.23,
2021.04.07 22:30:00,79,EURUSD,buy,out,0.1,1.18629,79,0.00,0.50,-64.70,9 435.03,
2021.04.07 22:30:32,80,EURUSD,buy,in,0.1,1.18634,80,-0.70,0.00,0.00,9 434.33,
2021.04.08 10:15:00,81,EURUSD,sell,out,0.1,1.18892,81,0.00,-3.74,25.80,9 456.39,
2021.04.08 10:16:27,82,EURUSD,sell,in,0.1,1.18880,82,-0.70,0.00,0.00,9 455.69,
2021.04.09 09:00:00,83,EURUSD,buy,out,0.1,1.18929,83,0.00,0.25,-4.90,9 451.04,
2021.04.09 09:00:27,84,EURUSD,buy,in,0.1,1.18954,84,-0.70,0.00,0.00,9 450.34,
2021.04.12 13:45:00,85,EURUSD,sell,out,0.1,1.19126,85,0.00,-0.75,17.20,9 466.79,
2021.04.12 13:45:05,86,EURUSD,sell,in,0.1,1.19121,86,-0.70,0.00,0.00,9 466.09,
2021.04.13 05:45:00,87,EURUSD,buy,out,0.1,1.18972,87,0.00,0.25,14.90,9 481.24,
2021.04.13 05:45:06,88,EURUSD,buy,in,0.1,1.18974,88,-0.70,0.00,0.00,9 480.54,
2021.04.13 15:45:00,89,EURUSD,sell,out,0.1,1.19263,89,0.00,0.00,28.90,9 509.44,
2021.04.13 15:48:29,90,EURUSD,sell,in,0.1,1.19252,90,-0.70,0.00,0.00,9 508.74,
2021.04.19 04:15:00,91,EURUSD,buy,out,0.1,1.19570,91,0.00,2.02,-31.80,9 478.96,
2021.04.19 05:11:23,92,EURUSD,buy,in,0.1,1.19502,92,-0.70,0.00,0.00,9 478.26,
2021.04.19 09:45:00,93,EURUSD,sell,out,0.1,1.19749,93,0.00,0.00,24.70,9 502.96,
2021.04.19 09:45:05,94,EURUSD,sell,in,0.1,1.19747,94,-0.70,0.00,0.00,9 502.26,
2021.04.21 10:45:00,95,EURUSD,buy,out,0.1,1.20073,95,0.00,0.50,-32.60,9 470.16,
2021.04.21 10:53:19,96,EURUSD,buy,in,0.1,1.20089,96,-0.70,0.00,0.00,9 469.46,
2021.04.22 05:15:00,97,EURUSD,sell,out,0.1,1.20455,97,0.00,-3.74,36.60,9 502.32,
2021.04.22 05:15:59,98,EURUSD,sell,in,0.1,1.20448,98,-0.70,0.00,0.00,9 501.62,
2021.04.22 17:30:00,99,EURUSD,buy,out,0.1,1.20056,99,0.00,0.00,39.20,9 540.82,
2021.04.22 17:30:15,100,EURUSD,buy,in,0.1,1.20066,100,-0.70,0.00,0.00,9 540.12,
2021.04.23 10:00:00,101,EURUSD,sell,out,0.1,1.20350,101,0.00,-0.75,28.40,9 567.77,
2021.04.23 10:03:28,102,EURUSD,sell,in,0.1,1.20346,102,-0.70,0.00,0.00,9 567.07,
2021.04.26 16:45:00,103,EURUSD,buy,out,0.1,1.20714,103,0.00,0.25,-36.80,9 530.52,
2021.04.26 16:45:04,104,EURUSD,buy,in,0.1,1.20717,104,-0.70,0.00,0.00,9 529.82,
2021.04.28 21:45:00,105,EURUSD,sell,out,0.1,1.21286,105,0.00,-1.50,56.90,9 585.22,
2021.04.28 21:50:41,106,EURUSD,sell,in,0.1,1.21209,106,-0.70,0.00,0.00,9 584.52,
2021.04.30 10:15:00,107,EURUSD,buy,out,0.1,1.21093,107,0.00,1.52,11.60,9 597.64,
2021.04.30 10:16:59,108,EURUSD,buy,in,0.1,1.21101,108,-0.70,0.00,0.00,9 596.94,
2021.05.03 12:15:00,109,EURUSD,sell,out,0.1,1.20535,109,0.00,-0.75,-56.60,9 539.59,
2021.05.03 12:21:59,110,EURUSD,sell,in,0.1,1.20520,110,-0.70,0.00,0.00,9 538.89,
2021.05.04 04:30:00,111,EURUSD,buy,out,0.1,1.20476,111,0.00,0.25,4.40,9 543.54,
2021.05.04 04:30:03,112,EURUSD,buy,in,0.1,1.20478,112,-0.70,0.00,0.00,9 542.84,
2021.05.06 09:45:00,113,EURUSD,sell,out,0.1,1.20175,113,0.00,-4.49,-30.30,9 508.05,
2021.05.06 09:45:18,114,EURUSD,sell,in,0.1,1.20169,114,-0.70,0.00,0.00,9 507.35,
2021.05.07 09:30:00,115,EURUSD,buy,out,0.1,1.20531,115,0.00,0.25,-36.20,9 471.40,
2021.05.07 09:30:37,116,EURUSD,buy,in,0.1,1.20543,116,-0.70,0.00,0.00,9 470.70,
2021.05.07 10:15:00,117,EURUSD,sell,out,0.1,1.20817,117,0.00,0.00,27.40,9 498.10,
2021.05.07 10:15:01,118,EURUSD,sell,in,0.1,1.20813,118,-0.70,0.00,0.00,9 497.40,
2021.05.10 23:30:00,119,EURUSD,buy,out,0.1,1.21348,119,0.00,0.25,-53.50,9 444.15,
2021.05.11 00:46:30,120,EURUSD,buy,in,0.1,1.21331,120,-0.70,0.00,0.00,9 443.45,
2021.05.13 10:15:00,121,EURUSD,sell,out,0.1,1.21020,121,0.00,-4.49,-31.10,9 407.86,
2021.05.13 10:17:30,122,EURUSD,sell,in,0.1,1.21001,122,-0.70,0.00,0.00,9 407.16,
2021.05.19 11:45:00,123,EURUSD,buy,out,0.1,1.22100,123,0.00,1.00,-109.90,9 298.26,
2021.05.19 11:54:28,124,EURUSD,buy,in,0.1,1.22106,124,-0.70,0.00,0.00,9 297.56,
2021.05.21 03:15:00,125,EURUSD,sell,out,0.1,1.22368,125,0.00,-4.49,26.20,9 319.27,
2021.05.21 03:15:18,126,EURUSD,sell,in,0.1,1.22366,126,-0.70,0.00,0.00,9 318.57,
2021.05.21 15:00:00,127,EURUSD,buy,out,0.1,1.21867,127,0.00,0.00,49.90,9 368.47,
2021.05.21 15:02:37,128,EURUSD,buy,in,0.1,1.21941,128,-0.70,0.00,0.00,9 367.77,
2021.05.24 11:15:00,129,EURUSD,sell,out,0.1,1.22012,129,0.00,-0.75,7.10,9 374.12,
2021.05.24 11:15:04,130,EURUSD,sell,in,0.1,1.22010,130,-0.70,0.00,0.00,9 373.42,
2021.05.26 19:00:00,131,EURUSD,buy,out,0.1,1.22036,131,0.00,0.50,-2.60,9 371.32,
2021.05.26 19:00:38,132,EURUSD,buy,in,0.1,1.22043,132,-0.70,0.00,0.00,9 370.62,
2021.05.28 19:45:00,133,EURUSD,sell,out,0.1,1.22038,133,0.00,-4.49,-0.50,9 365.63,
2021.05.28 19:45:21,134,EURUSD,sell,in,0.1,1.22036,134,-0.70,0.00,0.00,9 364.93,
2021.06.01 23:45:00,135,EURUSD,buy,out,0.1,1.22139,135,0.00,0.50,-10.30,9 355.13,
2021.06.02 00:05:08,136,EURUSD,buy,in,0.1,1.22163,136,-0.70,0.00,0.00,9 354.43,
2021.06.04 15:45:00,137,EURUSD,sell,out,0.1,1.21495,137,0.00,-4.49,-66.80,9 283.14,
2021.06.04 17:23:26,138,EURUSD,sell,in,0.1,1.21679,138,-0.70,0.00,0.00,9 282.44,
2021.06.07 10:15:00,139,EURUSD,buy,out,0.1,1.21480,139,0.00,0.25,19.90,9 302.59,
2021.06.07 10:23:27,140,EURUSD,buy,in,0.1,1.21498,140,-0.70,0.00,0.00,9 301.89,
2021.06.07 17:45:00,141,EURUSD,sell,out,0.1,1.21876,141,0.00,0.00,37.80,9 339.69,
2021.06.07 17:45:33,142,EURUSD,sell,in,0.1,1.21860,142,-0.70,0.00,0.00,9 338.99,
2021.06.08 06:15:00,143,EURUSD,buy,out,0.1,1.21795,143,0.00,0.25,6.50,9 345.74,
2021.06.08 06:16:59,144,EURUSD,buy,in,0.1,1.21800,144,-0.70,0.00,0.00,9 345.04,
2021.06.09 06:00:00,145,EURUSD,sell,out,0.1,1.21840,145,0.00,-0.75,4.00,9 348.29,
2021.06.09 06:00:01,146,EURUSD,sell,in,0.1,1.21839,146,-0.70,0.00,0.00,9 347.59,
2021.06.10 05:00:00,147,EURUSD,buy,out,0.1,1.21701,147,0.00,1.27,13.80,9 362.66,
2021.06.10 05:00:01,148,EURUSD,buy,in,0.1,1.21702,148,-0.70,0.00,0.00,9 361.96,
2021.06.15 09:30:00,149,EURUSD,sell,out,0.1,1.21328,149,0.00,-2.25,-37.40,9 322.31,
2021.06.15 09:30:00,150,EURUSD,sell,in,0.1,1.21327,150,-0.70,0.00,0.00,9 321.61,
2021.06.16 21:15:00,151,EURUSD,buy,out,0.1,1.20433,151,0.00,0.25,89.40,9 411.26,
2021.06.17 03:32:32,152,EURUSD,buy,in,0.1,1.19935,152,-0.70,0.00,0.00,9 410.56,
2021.06.21 17:15:00,153,EURUSD,sell,out,0.1,1.19174,153,0.00,-1.50,-76.10,9 332.96,
2021.06.21 17:15:38,154,EURUSD,sell,in,0.1,1.19154,154,-0.70,0.00,0.00,9 332.26,
2021.06.23 07:15:00,155,EURUSD,buy,out,0.1,1.19192,155,0.00,0.50,-3.80,9 328.96,
2021.06.23 07:15:04,156,EURUSD,buy,in,0.1,1.19194,156,-0.70,0.00,0.00,9 328.26,
2021.06.23 17:00:00,157,EURUSD,sell,out,0.1,1.19696,157,0.00,0.00,50.20,9 378.46,
2021.06.23 17:00:05,158,EURUSD,sell,in,0.1,1.19689,158,-0.70,0.00,0.00,9 377.76,
2021.06.28 15:00:00,159,EURUSD,buy,out,0.1,1.19073,159,0.00,1.77,61.60,9 441.13,
2021.06.28 15:00:17,160,EURUSD,buy,in,0.1,1.19079,160,-0.70,0.00,0.00,9 440.43,
2021.07.01 14:45:00,161,EURUSD,sell,out,0.1,1.18749,161,0.00,-5.24,-33.00,9 402.19,
2021.07.01 14:46:01,162,EURUSD,sell,in,0.1,1.18732,162,-0.70,0.00,0.00,9 401.49,
2021.07.02 10:15:00,163,EURUSD,buy,out,0.1,1.18239,163,0.00,0.25,49.30,9 451.04,
2021.07.02 10:19:37,164,EURUSD,buy,in,0.1,1.18273,164,-0.70,0.00,0.00,9 450.34,
2021.07.06 08:45:00,165,EURUSD,sell,out,0.1,1.18789,165,0.00,-1.50,51.60,9 500.44,
2021.07.06 08:45:00,166,EURUSD,sell,in,0.1,1.18789,166,-0.70,0.00,0.00,9 499.74,
2021.07.06 11:30:00,167,EURUSD,buy,out,0.1,1.18487,167,0.00,0.00,30.20,9 529.94,
2021.07.06 11:55:32,168,EURUSD,buy,in,0.1,1.18513,168,-0.70,0.00,0.00,9 529.24,
2021.07.08 11:00:00,169,EURUSD,sell,out,0.1,1.18203,169,0.00,-4.49,-31.00,9 493.75,
2021.07.08 11:00:28,170,EURUSD,sell,in,0.1,1.18175,170,-0.70,0.00,0.00,9 493.05,
2021.07.12 09:45:00,171,EURUSD,buy,out,0.1,1.18593,171,0.00,0.50,-41.80,9 451.75,
2021.07.12 09:45:01,172,EURUSD,buy,in,0.1,1.18594,172,-0.70,0.00,0.00,9 451.05,
2021.07.14 09:30:00,173,EURUSD,sell,out,0.1,1.17930,173,0.00,-1.50,-66.40,9 383.15,
2021.07.14 09:30:18,174,EURUSD,sell,in,0.1,1.17927,174,-0.70,0.00,0.00,9 382.45,
2021.07.15 15:00:00,175,EURUSD,buy,out,0.1,1.18097,175,0.00,1.27,-17.00,9 366.72,
2021.07.15 15:06:02,176,EURUSD,buy,in,0.1,1.18114,176,-0.70,0.00,0.00,9 366.02,
2021.07.19 16:30:00,177,EURUSD,sell,out,0.1,1.18143,177,0.00,-1.50,2.90,9 367.42,
2021.07.19 16:30:31,178,EURUSD,sell,in,0.1,1.18123,178,-0.70,0.00,0.00,9 366.72,
2021.07.20 08:45:00,179,EURUSD,buy,out,0.1,1.17816,179,0.00,0.25,30.70,9 397.67,
2021.07.20 08:45:11,180,EURUSD,buy,in,0.1,1.17818,180,-0.70,0.00,0.00,9 396.97,
2021.07.22 16:30:00,181,EURUSD,sell,out,0.1,1.18282,181,0.00,-4.49,46.40,9 438.88,
2021.07.22 16:30:31,182,EURUSD,sell,in,0.1,1.18278,182,-0.70,0.00,0.00,9 438.18,
2021.07.27 09:15:00,183,EURUSD,buy,out,0.1,1.17940,183,0.00,0.75,33.80,9 472.73,
2021.07.27 09:15:05,184,EURUSD,buy,in,0.1,1.17944,184,-0.70,0.00,0.00,9 472.03,
2021.07.27 15:15:00,185,EURUSD,sell,out,0.1,1.18091,185,0.00,0.00,14.70,9 486.73,
2021.07.27 16:32:40,186,EURUSD,sell,in,0.1,1.18155,186,-0.70,0.00,0.00,9 486.03,
2021.07.28 10:00:00,187,EURUSD,buy,out,0.1,1.18038,187,0.00,0.25,11.70,9 497.98,
2021.07.28 10:00:28,188,EURUSD,buy,in,0.1,1.18054,188,-0.70,0.00,0.00,9 497.28,
2021.07.28 23:00:00,189,EURUSD,sell,out,0.1,1.18473,189,0.00,0.00,41.90,9 539.18,
2021.07.28 23:00:34,190,EURUSD,sell,in,0.1,1.18462,190,-0.70,0.00,0.00,9 538.48,
2021.07.30 18:00:00,191,EURUSD,buy,out,0.1,1.18590,191,0.00,1.52,-12.80,9 527.20,
2021.07.30 18:00:30,192,EURUSD,buy,in,0.1,1.18596,192,-0.70,0.00,0.00,9 526.50,
2021.08.02 13:00:00,193,EURUSD,sell,out,0.1,1.18955,193,0.00,-0.75,35.90,9 561.65,
2021.08.02 13:06:23,194,EURUSD,sell,in,0.1,1.18938,194,-0.70,0.00,0.00,9 560.95,
2021.08.03 18:30:00,195,EURUSD,buy,out,0.1,1.18559,195,0.00,0.25,37.90,9 599.10,
2021.08.03 18:30:28,196,EURUSD,buy,in,0.1,1.18564,196,-0.70,0.00,0.00,9 598.40,
2021.08.04 16:00:00,197,EURUSD,sell,out,0.1,1.18892,197,0.00,-0.75,32.80,9 630.45,
2021.08.04 16:01:28,198,EURUSD,sell,in,0.1,1.18881,198,-0.70,0.00,0.00,9 629.75,
2021.08.06 04:15:00,199,EURUSD,buy,out,0.1,1.18254,199,0.00,1.52,62.70,9 693.97,
2021.08.06 04:15:00,200,EURUSD,buy,in,0.1,1.18254,200,-0.70,0.00,0.00,9 693.27,
2021.08.11 15:45:00,201,EURUSD,sell,out,0.1,1.17444,201,0.00,-2.25,-81.00,9 610.02,
2021.08.11 15:51:20,202,EURUSD,sell,in,0.1,1.17368,202,-0.70,0.00,0.00,9 609.32,
2021.08.16 15:00:00,203,EURUSD,buy,out,0.1,1.17682,203,0.00,1.77,-31.40,9 579.69,
2021.08.16 15:00:28,204,EURUSD,buy,in,0.1,1.17698,204,-0.70,0.00,0.00,9 578.99,
2021.08.20 20:00:00,205,EURUSD,sell,out,0.1,1.17031,205,0.00,-5.99,-66.70,9 506.30,
2021.08.20 20:03:34,206,EURUSD,sell,in,0.1,1.17019,206,-0.70,0.00,0.00,9 505.60,
2021.08.24 12:00:00,207,EURUSD,buy,out,0.1,1.17286,207,0.00,0.50,-26.70,9 479.40,
2021.08.24 12:00:27,208,EURUSD,buy,in,0.1,1.17291,208,-0.70,0.00,0.00,9 478.70,
2021.08.25 21:15:00,209,EURUSD,sell,out,0.1,1.17731,209,0.00,-0.75,44.00,9 521.95,
2021.08.25 21:15:36,210,EURUSD,sell,in,0.1,1.17719,210,-0.70,0.00,0.00,9 521.25,
2021.08.27 03:45:00,211,EURUSD,buy,out,0.1,1.17431,211,0.00,1.52,28.80,9 551.57,
2021.08.27 03:53:05,212,EURUSD,buy,in,0.1,1.17445,212,-0.70,0.00,0.00,9 550.87,
2021.08.27 10:00:00,213,EURUSD,sell,out,0.1,1.17681,213,0.00,0.00,23.60,9 574.47,
2021.08.27 10:00:24,214,EURUSD,sell,in,0.1,1.17677,214,-0.70,0.00,0.00,9 573.77,
2021.08.27 16:15:00,215,EURUSD,buy,out,0.1,1.17374,215,0.00,0.00,30.30,9 604.07,
2021.08.27 16:23:38,216,EURUSD,buy,in,0.1,1.17393,216,-0.70,0.00,0.00,9 603.37,
2021.08.27 17:15:00,217,EURUSD,sell,out,0.1,1.17961,217,0.00,0.00,56.80,9 660.17,
2021.08.27 17:18:42,218,EURUSD,sell,in,0.1,1.17940,218,-0.70,0.00,0.00,9 659.47,
2021.09.01 08:15:00,219,EURUSD,buy,out,0.1,1.17962,219,0.00,0.75,-2.20,9 658.02,
2021.09.01 08:16:00,220,EURUSD,buy,in,0.1,1.17965,220,-0.70,0.00,0.00,9 657.32,
2021.09.01 13:30:00,221,EURUSD,sell,out,0.1,1.18209,221,0.00,0.00,24.40,9 681.72,
2021.09.01 13:30:25,222,EURUSD,sell,in,0.1,1.18202,222,-0.70,0.00,0.00,9 681.02,
2021.09.06 06:30:00,223,EURUSD,buy,out,0.1,1.18690,223,0.00,1.77,-48.80,9 633.99,
2021.09.06 06:46:07,224,EURUSD,buy,in,0.1,1.18693,224,-0.70,0.00,0.00,9 633.29,
2021.09.07 03:15:00,225,EURUSD,sell,out,0.1,1.18769,225,0.00,-0.75,7.60,9 640.14,
2021.09.07 05:04:18,226,EURUSD,sell,in,0.1,1.18809,226,-0.70,0.00,0.00,9 639.44,
2021.09.07 09:30:00,227,EURUSD,buy,out,0.1,1.18669,227,0.00,0.00,14.00,9 653.44,
2021.09.07 09:41:37,228,EURUSD,buy,in,0.1,1.18680,228,-0.70,0.00,0.00,9 652.74,
2021.09.10 11:00:00,229,EURUSD,sell,out,0.1,1.18420,229,0.00,-5.24,-26.00,9 621.50,
2021.09.10 11:19:39,230,EURUSD,sell,in,0.1,1.18461,230,-0.70,0.00,0.00,9 620.80,
2021.09.13 04:00:00,231,EURUSD,buy,out,0.1,1.18056,231,0.00,0.25,40.50,9 661.55,
2021.09.13 04:00:00,232,EURUSD,buy,in,0.1,1.18056,232,-0.70,0.00,0.00,9 660.85,
2021.09.13 18:00:00,233,EURUSD,sell,out,0.1,1.18097,233,0.00,0.00,4.10,9 664.95,
2021.09.13 18:02:59,234,EURUSD,sell,in,0.1,1.18091,234,-0.70,0.00,0.00,9 664.25,
2021.09.16 08:45:00,235,EURUSD,buy,out,0.1,1.18063,235,0.00,1.77,2.80,9 668.82,
2021.09.16 09:01:36,236,EURUSD,buy,in,0.1,1.18050,236,-0.70,0.00,0.00,9 668.12,
2021.09.17 10:15:00,237,EURUSD,sell,out,0.1,1.17834,237,0.00,-0.75,-21.60,9 645.77,
2021.09.17 10:16:27,238,EURUSD,sell,in,0.1,1.17817,238,-0.70,0.00,0.00,9 645.07,
2021.09.17 17:00:00,239,EURUSD,buy,out,0.1,1.17539,239,0.00,0.00,27.80,9 672.87,
2021.09.17 17:00:20,240,EURUSD,buy,in,0.1,1.17543,240,-0.70,0.00,0.00,9 672.17,
2021.09.20 18:15:00,241,EURUSD,sell,out,0.1,1.17350,241,0.00,-0.75,-19.30,9 652.12,
2021.09.20 18:37:35,242,EURUSD,sell,in,0.1,1.17320,242,-0.70,0.00,0.00,9 651.42,
2021.09.21 18:30:00,243,EURUSD,buy,out,0.1,1.17157,243,0.00,0.25,16.30,9 667.97,
2021.09.21 18:31:03,244,EURUSD,buy,in,0.1,1.17162,244,-0.70,0.00,0.00,9 667.27,
2021.09.23 11:30:00,245,EURUSD,sell,out,0.1,1.17275,245,0.00,-4.49,11.30,9 674.08,
2021.09.23 11:36:42,246,EURUSD,sell,in,0.1,1.17256,246,-0.70,0.00,0.00,9 673.38,
2021.09.24 14:45:00,247,EURUSD,buy,out,0.1,1.17141,247,0.00,0.25,11.50,9 685.13,
2021.09.24 14:45:59,248,EURUSD,buy,in,0.1,1.17165,248,-0.70,0.00,0.00,9 684.43,
2021.09.28 08:15:00,249,EURUSD,sell,out,0.1,1.17027,249,0.00,-1.50,-13.80,9 669.13,
2021.09.28 08:15:03,250,EURUSD,sell,in,0.1,1.17026,250,-0.70,0.00,0.00,9 668.43,
2021.09.28 10:00:00,251,EURUSD,buy,out,0.1,1.16765,251,0.00,0.00,26.10,9 694.53,
2021.09.28 10:00:27,252,EURUSD,buy,in,0.1,1.16778,252,-0.70,0.00,0.00,9 693.83,
2021.10.01 14:45:00,253,EURUSD,sell,out,0.1,1.15990,253,0.00,-5.24,-78.80,9 609.79,
2021.10.01 14:46:20,254,EURUSD,sell,in,0.1,1.15984,254,-0.70,0.00,0.00,9 609.09,
2021.10.05 05:00:00,255,EURUSD,buy,out,0.1,1.16032,255,0.00,0.50,-4.80,9 604.79,
2021.10.05 05:05:37,256,EURUSD,buy,in,0.1,1.16039,256,-0.70,0.00,0.00,9 604.09,
2021.10.07 10:00:00,257,EURUSD,sell,out,0.1,1.15682,257,0.00,-4.49,-35.70,9 563.90,
2021.10.07 10:00:00,258,EURUSD,sell,in,0.1,1.15681,258,-0.70,0.00,0.00,9 563.20,
2021.10.11 12:45:00,259,EURUSD,buy,out,0.1,1.15525,259,0.00,0.50,15.60,9 579.30,
2021.10.11 12:45:00,260,EURUSD,buy,in,0.1,1.15525,260,-0.70,0.00,0.00,9 578.60,
2021.10.12 10:00:00,261,EURUSD,sell,out,0.1,1.15684,261,0.00,-0.75,15.90,9 593.75,
2021.10.12 10:00:21,262,EURUSD,sell,in,0.1,1.15682,262,-0.70,0.00,0.00,9 593.05,
2021.10.12 15:45:00,263,EURUSD,buy,out,0.1,1.15344,263,0.00,0.00,33.80,9 626.85,
2021.10.12 15:54:27,264,EURUSD,buy,in,0.1,1.15365,264,-0.70,0.00,0.00,9 626.15,
2021.10.13 04:15:00,265,EURUSD,sell,out,0.1,1.15451,265,0.00,-0.75,8.60,9 634.00,
2021.10.13 04:15:43,266,EURUSD,sell,in,0.1,1.15446,266,-0.70,0.00,0.00,9 633.30,
2021.10.18 04:00:00,267,EURUSD,buy,out,0.1,1.15842,267,0.00,1.77,-39.60,9 595.47,
2021.10.18 04:00:14,268,EURUSD,buy,in,0.1,1.15846,268,-0.70,0.00,0.00,9 594.77,
2021.10.18 15:45:00,269,EURUSD,sell,out,0.1,1.16079,269,0.00,0.00,23.30,9 618.07,
2021.10.18 15:45:20,270,EURUSD,sell,in,0.1,1.16068,270,-0.70,0.00,0.00,9 617.37,
2021.10.20 10:15:00,271,EURUSD,buy,out,0.1,1.16292,271,0.00,0.50,-22.40,9 595.47,
2021.10.20 10:15:20,272,EURUSD,buy,in,0.1,1.16295,272,-0.70,0.00,0.00,9 594.77,
2021.10.21 05:30:00,273,EURUSD,sell,out,0.1,1.16644,273,0.00,-3.74,34.90,9 625.93,
2021.10.21 05:30:15,274,EURUSD,sell,in,0.1,1.16641,274,-0.70,0.00,0.00,9 625.23,
2021.10.21 10:15:00,275,EURUSD,buy,out,0.1,1.16394,275,0.00,0.00,24.70,9 649.93,
2021.10.21 10:20:29,276,EURUSD,buy,in,0.1,1.16401,276,-0.70,0.00,0.00,9 649.23,
2021.10.22 10:15:00,277,EURUSD,sell,out,0.1,1.16382,277,0.00,-0.75,-1.90,9 646.58,
2021.10.22 10:15:29,278,EURUSD,sell,in,0.1,1.16373,278,-0.70,0.00,0.00,9 645.88,
2021.10.25 13:15:00,279,EURUSD,buy,out,0.1,1.16233,279,0.00,0.25,14.00,9 660.13,
2021.10.25 13:39:25,280,EURUSD,buy,in,0.1,1.16227,280,-0.70,0.00,0.00,9 659.43,
2021.10.26 14:00:00,281,EURUSD,sell,out,0.1,1.16224,281,0.00,-0.75,-0.30,9 658.38,
2021.10.26 14:08:36,282,EURUSD,sell,in,0.1,1.16218,282,-0.70,0.00,0.00,9 657.68,
2021.10.26 18:45:00,283,EURUSD,buy,out,0.1,1.15870,283,0.00,0.00,34.80,9 692.48,
2021.10.26 18:55:38,284,EURUSD,buy,in,0.1,1.15883,284,-0.70,0.00,0.00,9 691.78,
2021.10.27 15:30:00,285,EURUSD,sell,out,0.1,1.16208,285,0.00,-0.75,32.50,9 723.53,
2021.10.27 15:53:23,286,EURUSD,sell,in,0.1,1.16195,286,-0.70,0.00,0.00,9 722.83,
2021.10.28 04:15:00,287,EURUSD,buy,out,0.1,1.15922,287,0.00,1.27,27.30,9 751.40,
2021.10.28 04:15:00,288,EURUSD,buy,in,0.1,1.15923,288,-0.70,0.00,0.00,9 750.70,
2021.10.28 16:15:00,289,EURUSD,sell,out,0.1,1.16406,289,0.00,0.00,48.30,9 799.00,
2021.10.28 16:16:29,290,EURUSD,sell,in,0.1,1.16375,290,-0.70,0.00,0.00,9 798.30,
2021.10.29 08:00:00,291,EURUSD,buy,out,0.1,1.16645,291,0.00,0.25,-27.00,9 771.55,
2021.10.29 08:00:06,292,EURUSD,buy,in,0.1,1.16652,292,-0.70,0.00,0.00,9 770.85,
2021.11.01 18:45:00,293,EURUSD,sell,out,0.1,1.15928,293,0.00,-0.75,-72.40,9 697.70,
2021.11.01 18:45:02,294,EURUSD,sell,in,0.1,1.15926,294,-0.70,0.00,0.00,9 697.00,
2021.11.03 17:15:00,295,EURUSD,buy,out,0.1,1.15641,295,0.00,0.50,28.50,9 726.00,
2021.11.03 17:15:13,296,EURUSD,buy,in,0.1,1.15648,296,-0.70,0.00,0.00,9 725.30,
2021.11.08 17:30:00,297,EURUSD,sell,out,0.1,1.15929,297,0.00,-5.24,28.10,9 748.16,
2021.11.08 17:30:02,298,EURUSD,sell,in,0.1,1.15927,298,-0.70,0.00,0.00,9 747.46,
2021.11.10 09:15:00,299,EURUSD,buy,out,0.1,1.15738,299,0.00,0.50,18.90,9 766.86,
2021.11.10 09:22:38,300,EURUSD,buy,in,0.1,1.15744,300,-0.70,0.00,0.00,9 766.16,
2021.11.15 04:00:00,301,EURUSD,sell,out,0.1,1.14597,301,0.00,-5.24,-114.70,9 646.22,
2021.11.15 04:06:14,302,EURUSD,sell,in,0.1,1.14583,302,-0.70,0.00,0.00,9 645.52,
2021.11.15 10:45:00,303,EURUSD,buy,out,0.1,1.14372,303,0.00,0.00,21.10,9 666.62,
2021.11.15 10:46:17,304,EURUSD,buy,in,0.1,1.14389,304,-0.70,0.00,0.00,9 665.92,
2021.11.18 19:15:00,305,EURUSD,sell,out,0.1,1.13699,305,0.00,-5.24,-69.00,9 591.68,
2021.11.18 19:46:03,306,EURUSD,sell,in,0.1,1.13697,306,-0.70,0.00,0.00,9 590.98,
2021.11.19 10:30:00,307,EURUSD,buy,out,0.1,1.13363,307,0.00,0.25,33.40,9 624.63,
2021.11.19 10:31:38,308,EURUSD,buy,in,0.1,1.13385,308,-0.70,0.00,0.00,9 623.93,
2021.11.23 09:30:00,309,EURUSD,sell,out,0.1,1.12554,309,0.00,-1.50,-83.10,9 539.33,
2021.11.23 09:30:05,310,EURUSD,sell,in,0.1,1.12548,310,-0.70,0.00,0.00,9 538.63,
2021.11.24 05:30:00,311,EURUSD,buy,out,0.1,1.12358,311,0.00,0.25,19.00,9 557.88,
2021.11.24 05:31:07,312,EURUSD,buy,in,0.1,1.12362,312,-0.70,0.00,0.00,9 557.18,
2021.11.25 11:00:00,313,EURUSD,sell,out,0.1,1.12255,313,0.00,-3.74,-10.70,9 542.74,
2021.11.25 11:00:17,314,EURUSD,sell,in,0.1,1.12248,314,-0.70,0.00,0.00,9 542.04,
2021.11.30 18:00:00,315,EURUSD,buy,out,0.1,1.12591,315,0.00,0.75,-34.30,9 508.49,
2021.11.30 18:15:05,316,EURUSD,buy,in,0.1,1.12808,316,-0.70,0.00,0.00,9 507.79,
2021.12.02 04:30:00,317,EURUSD,sell,out,0.1,1.13377,317,0.00,-4.49,56.90,9 560.20,
2021.12.02 04:30:04,318,EURUSD,sell,in,0.1,1.13372,318,-0.70,0.00,0.00,9 559.50,
2021.12.02 19:30:00,319,EURUSD,buy,out,0.1,1.12969,319,0.00,0.00,40.30,9 599.80,
2021.12.02 19:32:33,320,EURUSD,buy,in,0.1,1.12992,320,-0.70,0.00,0.00,9 599.10,
2021.12.08 02:30:00,321,EURUSD,sell,out,0.1,1.12762,321,0.00,-3.00,-23.00,9 573.10,
2021.12.08 02:30:05,322,EURUSD,sell,in,0.1,1.12759,322,-0.70,0.00,0.00,9 572.40,
2021.12.09 17:15:00,323,EURUSD,buy,out,0.1,1.12956,323,0.00,1.27,-19.70,9 553.97,
2021.12.09 18:02:40,324,EURUSD,buy,in,0.1,1.12876,324,-0.70,0.00,0.00,9 553.27,
2021.12.14 11:45:00,325,EURUSD,sell,out,0.1,1.12968,325,0.00,-2.25,9.20,9 560.22,
2021.12.14 14:08:27,326,EURUSD,sell,in,0.1,1.13167,326,-0.70,0.00,0.00,9 559.52,
2021.12.14 18:00:00,327,EURUSD,buy,out,0.1,1.12727,327,0.00,0.00,44.00,9 603.52,
2021.12.14 18:02:34,328,EURUSD,buy,in,0.1,1.12751,328,-0.70,0.00,0.00,9 602.82,
2021.12.16 09:30:00,329,EURUSD,sell,out,0.1,1.13016,329,0.00,-4.49,26.50,9 624.83,
2021.12.16 09:30:24,330,EURUSD,sell,in,0.1,1.13003,330,-0.70,0.00,0.00,9 624.13,
2021.12.17 17:30:00,331,EURUSD,buy,out,0.1,1.12877,331,0.00,0.25,12.60,9 636.98,
2021.12.17 17:30:30,332,EURUSD,buy,in,0.1,1.12888,332,-0.70,0.00,0.00,9 636.28,
2021.12.20 13:45:00,333,EURUSD,sell,out,0.1,1.12747,333,0.00,-0.75,-14.10,9 621.43,
2021.12.20 13:55:36,334,EURUSD,sell,in,0.1,1.12740,334,-0.70,0.00,0.00,9 620.73,
2021.12.23 10:45:00,335,EURUSD,buy,out,0.1,1.13194,335,0.00,1.77,-45.40,9 577.10,
2021.12.23 11:11:35,336,EURUSD,buy,in,0.1,1.13182,336,-0.70,0.00,0.00,9 576.40,
2021.12.24 10:45:00,337,EURUSD,sell,out,0.1,1.13395,337,0.00,-0.75,21.30,9 596.95,
2021.12.24 10:45:38,338,EURUSD,sell,in,0.1,1.13384,338,-0.70,0.00,0.00,9 596.25,
2021.12.24 15:15:00,339,EURUSD,buy,out,0.1,1.13169,339,0.00,0.00,21.50,9 617.75,
2021.12.24 15:16:24,340,EURUSD,buy,in,0.1,1.13180,340,-0.70,0.00,0.00,9 617.05,
2021.12.29 16:00:00,341,EURUSD,sell,out,0.1,1.13181,341,0.00,-2.25,0.10,9 614.90,
2021.12.29 16:00:00,342,EURUSD,sell,in,0.1,1.13181,342,-0.70,0.00,0.00,9 614.20,
2021.12.30 07:15:00,343,EURUSD,buy,out,0.1,1.13308,343,0.00,1.27,-12.70,9 602.77,
2021.12.30 07:26:41,344,EURUSD,buy,in,0.1,1.13314,344,-0.70,0.00,0.00,9 602.07,
2021.12.31 17:45:00,345,EURUSD,sell,out,0.1,1.13708,345,0.00,-0.75,39.40,9 640.72,
2021.12.31 17:46:05,346,EURUSD,sell,in,0.1,1.13689,346,-0.70,0.00,0.00,9 640.02,
2022.01.03 04:15:00,347,EURUSD,buy,out,0.1,1.13498,347,0.00,0.25,19.10,9 659.37,
2022.01.03 05:46:21,348,EURUSD,buy,in,0.1,1.13469,348,-0.70,0.00,0.00,9 658.67,
2022.01.04 17:45:00,349,EURUSD,sell,out,0.1,1.13223,349,0.00,-0.75,-24.60,9 633.32,
2022.01.04 17:45:13,350,EURUSD,sell,in,0.1,1.13215,350,-0.70,0.00,0.00,9 632.62,
2022.01.06 09:45:00,351,EURUSD,buy,out,0.1,1.12871,351,0.00,1.52,34.40,9 668.54,
2022.01.06 09:51:36,352,EURUSD,buy,in,0.1,1.12879,352,-0.70,0.00,0.00,9 667.84,
2022.01.07 10:45:00,353,EURUSD,sell,out,0.1,1.13120,353,0.00,-0.75,24.10,9 691.19,
2022.01.07 10:45:05,354,EURUSD,sell,in,0.1,1.13114,354,-0.70,0.00,0.00,9 690.49,
2022.01.10 05:00:00,355,EURUSD,buy,out,0.1,1.13397,355,0.00,0.25,-28.30,9 662.44,
2022.01.10 05:59:07,356,EURUSD,buy,in,0.1,1.13377,356,-0.70,0.00,0.00,9 661.74,
2022.01.11 18:15:00,357,EURUSD,sell,out,0.1,1.13597,357,0.00,-0.75,22.00,9 682.99,
2022.01.11 18:15:15,358,EURUSD,sell,in,0.1,1.13585,358,-0.70,0.00,0.00,9 682.29,
2022.01.14 14:30:00,359,EURUSD,buy,out,0.1,1.14433,359,0.00,1.77,-84.80,9 599.26,
2022.01.14 14:34:00,360,EURUSD,buy,in,0.1,1.14448,360,-0.70,0.00,0.00,9 598.56,
2022.01.17 10:45:00,361,EURUSD,sell,out,0.1,1.14340,361,0.00,-0.75,-10.80,9 587.01,
2022.01.17 10:45:04,362,EURUSD,sell,in,0.1,1.14336,362,-0.70,0.00,0.00,9 586.31,
2022.01.18 06:00:00,363,EURUSD,buy,out,0.1,1.13927,363,0.00,0.25,40.90,9 627.46,
2022.01.18 06:01:22,364,EURUSD,buy,in,0.1,1.13945,364,-0.70,0.00,0.00,9 626.76,
2022.01.20 03:30:00,365,EURUSD,sell,out,0.1,1.13612,365,0.00,-4.49,-33.30,9 588.97,
2022.01.20 03:50:45,366,EURUSD,sell,in,0.1,1.13608,366,-0.70,0.00,0.00,9 588.27,
2022.01.20 20:45:00,367,EURUSD,buy,out,0.1,1.13176,367,0.00,0.00,43.20,9 631.47,
2022.01.20 20:45:27,368,EURUSD,buy,in,0.1,1.13177,368,-0.70,0.00,0.00,9 630.77,
2022.01.25 22:00:00,369,EURUSD,sell,out,0.1,1.13037,369,0.00,-2.25,-14.00,9 614.52,
2022.01.25 22:00:33,370,EURUSD,sell,in,0.1,1.13029,370,-0.70,0.00,0.00,9 613.82,
2022.01.26 12:30:00,371,EURUSD,buy,out,0.1,1.12827,371,0.00,0.25,20.20,9 634.27,
2022.01.26 13:19:30,372,EURUSD,buy,in,0.1,1.12823,372,-0.70,0.00,0.00,9 633.57,
2022.01.31 10:15:00,373,EURUSD,sell,out,0.1,1.11736,373,0.00,-5.24,-108.70,9 519.63,
2022.01.31 10:15:00,374,EURUSD,sell,in,0.1,1.11735,374,-0.70,0.00,0.00,9 518.93,
2022.02.03 12:45:00,375,EURUSD,buy,out,0.1,1.12797,375,0.00,1.77,-106.20,9 414.50,
2022.02.03 12:45:01,376,EURUSD,buy,in,0.1,1.12798,376,-0.70,0.00,0.00,9 413.80,
2022.02.03 15:45:00,377,EURUSD,sell,out,0.1,1.13370,377,0.00,0.00,57.20,9 471.00,
2022.02.03 20:15:51,378,EURUSD,sell,in,0.1,1.14312,378,-0.70,0.00,0.00,9 470.30,
2022.02.07 04:30:00,379,EURUSD,buy,out,0.1,1.14309,379,0.00,0.50,0.30,9 471.10,
2022.02.07 04:30:13,380,EURUSD,buy,in,0.1,1.14318,380,-0.70,0.00,0.00,9 470.40,
2022.02.10 11:30:00,381,EURUSD,sell,out,0.1,1.14444,381,0.00,-5.24,12.60,9 477.76,
2022.02.10 11:30:00,382,EURUSD,sell,in,0.1,1.14443,382,-0.70,0.00,0.00,9 477.06,
2022.02.10 15:45:00,383,EURUSD,buy,out,0.1,1.13993,383,0.00,0.00,45.00,9 522.06,
2022.02.10 15:57:34,384,EURUSD,buy,in,0.1,1.14024,384,-0.70,0.00,0.00,9 521.36,
2022.02.10 18:30:00,385,EURUSD,sell,out,0.1,1.14892,385,0.00,0.00,86.80,9 608.16,
2022.02.10 18:30:28,386,EURUSD,sell,in,0.1,1.14874,386,-0.70,0.00,0.00,9 607.46,
2022.02.11 02:30:00,387,EURUSD,buy,out,0.1,1.13870,387,0.00,0.25,100.40,9 708.11,
2022.02.11 02:31:03,388,EURUSD,buy,in,0.1,1.13915,388,-0.70,0.00,0.00,9 707.41,
2022.02.15 10:45:00,389,EURUSD,sell,out,0.1,1.13461,389,0.00,-1.50,-45.40,9 660.51,
2022.02.15 10:49:29,390,EURUSD,sell,in,0.1,1.13432,390,-0.70,0.00,0.00,9 659.81,
2022.02.17 06:00:00,391,EURUSD,buy,out,0.1,1.13368,391,0.00,1.52,6.40,9 667.73,
2022.02.17 06:12:27,392,EURUSD,buy,in,0.1,1.13454,392,-0.70,0.00,0.00,9 667.03,
2022.02.21 03:45:00,393,EURUSD,sell,out,0.1,1.13483,393,0.00,-1.50,2.90,9 668.43,
2022.02.21 06:15:24,394,EURUSD,sell,in,0.1,1.13600,394,-0.70,0.00,0.00,9 667.73,
2022.02.21 15:00:00,395,EURUSD,buy,out,0.1,1.13341,395,0.00,0.00,25.90,9 693.63,
2022.02.21 15:00:28,396,EURUSD,buy,in,0.1,1.13348,396,-0.70,0.00,0.00,9 692.93,
2022.02.22 11:30:00,397,EURUSD,sell,out,0.1,1.13350,397,0.00,-0.75,0.20,9 692.38,
2022.02.22 11:31:31,398,EURUSD,sell,in,0.1,1.13329,398,-0.70,0.00,0.00,9 691.68,
2022.02.23 18:15:00,399,EURUSD,buy,out,0.1,1.13117,399,0.00,0.25,21.20,9 713.13,
2022.02.23 18:25:19,400,EURUSD,buy,in,0.1,1.13131,400,-0.70,0.00,0.00,9 712.43,
2022.02.25 18:30:00,401,EURUSD,sell,out,0.1,1.12580,401,0.00,-4.49,-55.10,9 652.84,
2022.02.25 18:30:19,402,EURUSD,sell,in,0.1,1.12574,402,-0.70,0.00,0.00,9 652.14,
2022.02.28 00:15:00,403,EURUSD,buy,out,0.1,1.11539,403,0.00,0.25,103.50,9 755.89,
2022.02.28 01:22:19,404,EURUSD,buy,in,0.1,1.11655,404,-0.70,0.00,0.00,9 755.19,
2022.02.28 13:00:00,405,EURUSD,sell,out,0.1,1.12289,405,0.00,0.00,63.40,9 818.59,
2022.02.28 13:00:03,406,EURUSD,sell,in,0.1,1.12271,406,-0.70,0.00,0.00,9 817.89,
2022.03.01 15:30:00,407,EURUSD,buy,out,0.1,1.11505,407,0.00,0.25,76.60,9 894.74,
2022.03.01 15:30:19,408,EURUSD,buy,in,0.1,1.11518,408,-0.70,0.00,0.00,9 894.04,
2022.03.08 10:30:00,409,EURUSD,sell,out,0.1,1.09176,409,0.00,-6.74,-234.20,9 653.10,
2022.03.08 10:30:29,410,EURUSD,sell,in,0.1,1.09155,410,-0.70,0.00,0.00,9 652.40,
2022.03.11 19:30:00,411,EURUSD,buy,out,0.1,1.09208,411,0.00,1.77,-5.30,9 648.87,
2022.03.11 19:30:06,412,EURUSD,buy,in,0.1,1.09212,412,-0.70,0.00,0.00,9 648.17,
2022.03.14 11:30:00,413,EURUSD,sell,out,0.1,1.09492,413,0.00,-0.75,28.00,9 675.42,
2022.03.14 11:34:40,414,EURUSD,sell,in,0.1,1.09476,414,-0.70,0.00,0.00,9 674.72,
2022.03.15 19:15:00,415,EURUSD,buy,out,0.1,1.09445,415,0.00,0.25,3.10,9 678.07,
2022.03.15 19:15:39,416,EURUSD,buy,in,0.1,1.09490,416,-0.70,0.00,0.00,9 677.37,
2022.03.16 14:45:00,417,EURUSD,sell,out,0.1,1.10233,417,0.00,-0.75,74.30,9 750.92,
2022.03.16 14:45:00,418,EURUSD,sell,in,0.1,1.10232,418,-0.70,0.00,0.00,9 750.22,
2022.03.18 11:45:00,419,EURUSD,buy,out,0.1,1.10628,419,0.00,1.52,-39.60,9 712.14,
2022.03.18 11:45:00,420,EURUSD,buy,in,0.1,1.10629,420,-0.70,0.00,0.00,9 711.44,
2022.03.22 15:30:00,421,EURUSD,sell,out,0.1,1.10290,421,0.00,-1.50,-33.90,9 676.04,
2022.03.22 15:30:30,422,EURUSD,sell,in,0.1,1.10285,422,-0.70,0.00,0.00,9 675.34,
2022.03.23 12:45:00,423,EURUSD,buy,out,0.1,1.09943,423,0.00,0.25,34.20,9 709.79,
2022.03.23 12:55:31,424,EURUSD,buy,in,0.1,1.09982,424,-0.70,0.00,0.00,9 709.09,
2022.03.25 04:30:00,425,EURUSD,sell,out,0.1,1.10233,425,0.00,-4.49,25.10,9 729.70,
2022.03.25 05:34:17,426,EURUSD,sell,in,0.1,1.10278,426,-0.70,0.00,0.00,9 729.00,
2022.03.25 12:15:00,427,EURUSD,buy,out,0.1,1.10012,427,0.00,0.00,26.60,9 755.60,
2022.03.25 12:15:36,428,EURUSD,buy,in,0.1,1.10029,428,-0.70,0.00,0.00,9 754.90,
2022.03.28 12:00:00,429,EURUSD,sell,out,0.1,1.09908,429,0.00,-0.75,-12.10,9 742.05,
2022.03.28 12:00:17,430,EURUSD,sell,in,0.1,1.09881,430,-0.70,0.00,0.00,9 741.35,
2022.03.31 11:45:00,431,EURUSD,buy,out,0.1,1.11185,431,0.00,1.77,-130.40,9 612.72,
2022.03.31 11:55:59,432,EURUSD,buy,in,0.1,1.11260,432,-0.70,0.00,0.00,9 612.02,
2022.04.06 11:30:00,433,EURUSD,sell,out,0.1,1.09156,433,0.00,-3.00,-210.40,9 398.62,
2022.04.06 11:30:02,434,EURUSD,sell,in,0.1,1.09152,434,-0.70,0.00,0.00,9 397.92,
2022.04.06 21:30:00,435,EURUSD,buy,out,0.1,1.08840,435,0.00,0.00,31.20,9 429.12,
2022.04.06 21:31:15,436,EURUSD,buy,in,0.1,1.08850,436,-0.70,0.00,0.00,9 428.42,
2022.04.07 09:30:00,437,EURUSD,sell,out,0.1,1.09273,437,0.00,-3.74,42.30,9 466.98,
2022.04.07 09:30:37,438,EURUSD,sell,in,0.1,1.09250,438,-0.70,0.00,0.00,9 466.28,
2022.04.07 11:45:00,439,EURUSD,buy,out,0.1,1.08806,439,0.00,0.00,44.40,9 510.68,
2022.04.07 11:49:54,440,EURUSD,buy,in,0.1,1.08818,440,-0.70,0.00,0.00,9 509.98,
2022.04.11 00:15:00,441,EURUSD,sell,out,0.1,1.09053,441,0.00,-1.50,23.50,9 531.98,
2022.04.11 01:00:36,442,EURUSD,sell,in,0.1,1.09038,442,-0.70,0.00,0.00,9 531.28,
2022.04.13 03:45:00,443,EURUSD,buy,out,0.1,1.08133,443,0.00,0.50,90.50,9 622.28,
2022.04.13 03:45:38,444,EURUSD,buy,in,0.1,1.08165,444,-0.70,0.00,0.00,9 621.58,
2022.04.13 18:45:00,445,EURUSD,sell,out,0.1,1.08667,445,0.00,0.00,50.20,9 671.78,
2022.04.13 18:45:18,446,EURUSD,sell,in,0.1,1.08662,446,-0.70,0.00,0.00,9 671.08,
2022.04.14 15:00:00,447,EURUSD,buy,out,0.1,1.08657,447,0.00,1.27,0.50,9 672.85,
2022.04.14 15:00:40,448,EURUSD,buy,in,0.1,1.08710,448,-0.70,0.00,0.00,9 672.15,
2022.04.19 11:00:00,449,EURUSD,sell,out,0.1,1.08020,449,0.00,-2.25,-69.00,9 600.90,
2022.04.19 11:03:35,450,EURUSD,sell,in,0.1,1.07990,450,-0.70,0.00,0.00,9 600.20,
2022.04.21 06:00:00,451,EURUSD,buy,out,0.1,1.08262,451,0.00,1.52,-27.20,9 574.52,
2022.04.21 06:00:04,452,EURUSD,buy,in,0.1,1.08266,452,-0.70,0.00,0.00,9 573.82,
2022.04.21 09:30:00,453,EURUSD,sell,out,0.1,1.08577,453,0.00,0.00,31.10,9 604.92,
2022.04.21 12:28:28,454,EURUSD,sell,in,0.1,1.09155,454,-0.70,0.00,0.00,9 604.22,
2022.04.21 18:00:00,455,EURUSD,buy,out,0.1,1.08429,455,0.00,0.00,72.60,9 676.82,
2022.04.21 18:03:15,456,EURUSD,buy,in,0.1,1.08481,456,-0.70,0.00,0.00,9 676.12,
2022.04.26 04:15:00,457,EURUSD,sell,out,0.1,1.07332,457,0.00,-2.25,-114.90,9 558.97,
2022.04.26 04:15:39,458,EURUSD,sell,in,0.1,1.07327,458,-0.70,0.00,0.00,9 558.27,
2022.04.26 10:30:00,459,EURUSD,buy,out,0.1,1.06914,459,0.00,0.00,41.30,9 599.57,
2022.04.26 10:31:46,460,EURUSD,buy,in,0.1,1.06948,460,-0.70,0.00,0.00,9 598.87,
2022.04.29 04:30:00,461,EURUSD,sell,out,0.1,1.05294,461,0.00,-5.24,-165.40,9 428.23,
2022.04.29 04:30:05,462,EURUSD,sell,in,0.1,1.05284,462,-0.70,0.00,0.00,9 427.53,
2022.05.05 14:30:00,463,EURUSD,buy,out,0.1,1.05590,463,0.00,2.02,-30.60,9 398.95,
2022.05.05 14:30:05,464,EURUSD,buy,in,0.1,1.05598,464,-0.70,0.00,0.00,9 398.25,
2022.05.06 13:30:00,465,EURUSD,sell,out,0.1,1.05907,465,0.00,-0.75,30.90,9 428.40,
2022.05.06 13:32:37,466,EURUSD,sell,in,0.1,1.05884,466,-0.70,0.00,0.00,9 427.70,
2022.05.09 04:00:00,467,EURUSD,buy,out,0.1,1.05197,467,0.00,0.25,68.70,9 496.65,
2022.05.09 04:07:36,468,EURUSD,buy,in,0.1,1.05215,468,-0.70,0.00,0.00,9 495.95,
2022.05.09 15:15:00,469,EURUSD,sell,out,0.1,1.05594,469,0.00,0.00,37.90,9 533.85,
2022.05.09 15:15:37,470,EURUSD,sell,in,0.1,1.05581,470,-0.70,0.00,0.00,9 533.15,
2022.05.12 09:15:00,471,EURUSD,buy,out,0.1,1.04929,471,0.00,1.77,65.20,9 600.12,
2022.05.12 09:16:12,472,EURUSD,buy,in,0.1,1.04954,472,-0.70,0.00,0.00,9 599.42,
2022.05.13 10:30:00,473,EURUSD,sell,out,0.1,1.04107,473,0.00,-0.75,-84.70,9 513.97,
2022.05.13 10:30:31,474,EURUSD,sell,in,0.1,1.04098,474,-0.70,0.00,0.00,9 513.27,
2022.05.18 11:45:00,475,EURUSD,buy,out,0.1,1.05058,475,0.00,0.75,-96.00,9 418.02,
2022.05.18 11:46:05,476,EURUSD,buy,in,0.1,1.05081,476,-0.70,0.00,0.00,9 417.32,
2022.05.19 07:15:00,477,EURUSD,sell,out,0.1,1.05047,477,0.00,-3.74,-3.40,9 410.18,
2022.05.19 07:30:12,478,EURUSD,sell,in,0.1,1.05031,478,-0.70,0.00,0.00,9 409.48,
2022.05.19 10:15:00,479,EURUSD,buy,out,0.1,1.04657,479,0.00,0.00,37.40,9 446.88,
2022.05.19 10:15:28,480,EURUSD,buy,in,0.1,1.04673,480,-0.70,0.00,0.00,9 446.18,
2022.05.19 14:00:00,481,EURUSD,sell,out,0.1,1.05282,481,0.00,0.00,60.90,9 507.08,
2022.05.19 14:06:30,482,EURUSD,sell,in,0.1,1.05246,482,-0.70,0.00,0.00,9 506.38,
2022.05.25 05:45:00,483,EURUSD,buy,out,0.1,1.07047,483,0.00,1.00,-180.10,9 327.28,
2022.05.25 05:45:28,484,EURUSD,buy,in,0.1,1.07049,484,-0.70,0.00,0.00,9 326.58,
2022.05.26 13:15:00,485,EURUSD,sell,out,0.1,1.07169,485,0.00,-3.74,12.00,9 334.84,
2022.05.26 13:15:19,486,EURUSD,sell,in,0.1,1.07163,486,-0.70,0.00,0.00,9 334.14,
2022.05.27 12:30:00,487,EURUSD,buy,out,0.1,1.07231,487,0.00,0.25,-6.80,9 327.59,
2022.05.27 12:30:01,488,EURUSD,buy,in,0.1,1.07232,488,-0.70,0.00,0.00,9 326.89,
2022.05.30 04:45:00,489,EURUSD,sell,out,0.1,1.07475,489,0.00,-0.75,24.30,9 350.44,
2022.05.30 05:04:04,490,EURUSD,sell,in,0.1,1.07466,490,-0.70,0.00,0.00,9 349.74,
2022.05.31 03:30:00,491,EURUSD,buy,out,0.1,1.07560,491,0.00,0.25,-9.40,9 340.59,
2022.05.31 04:45:35,492,EURUSD,buy,in,0.1,1.07502,492,-0.70,0.00,0.00,9 339.89,
2022.06.02 10:00:00,493,EURUSD,sell,out,0.1,1.06760,493,0.00,-4.49,-74.20,9 261.20,
2022.06.02 10:21:39,494,EURUSD,sell,in,0.1,1.06748,494,-0.70,0.00,0.00,9 260.50,
2022.06.03 13:45:00,495,EURUSD,buy,out,0.1,1.07341,495,0.00,0.25,-59.30,9 201.45,
2022.06.03 13:45:26,496,EURUSD,buy,in,0.1,1.07348,496,-0.70,0.00,0.00,9 200.75,
2022.06.08 14:15:00,497,EURUSD,sell,out,0.1,1.07326,497,0.00,-2.25,-2.20,9 196.30,
2022.06.08 14:15:16,498,EURUSD,sell,in,0.1,1.07325,498,-0.70,0.00,0.00,9 195.60,
2022.06.09 11:00:00,499,EURUSD,buy,out,0.1,1.07024,499,0.00,1.27,30.10,9 226.97,
2022.06.09 11:06:14,500,EURUSD,buy,in,0.1,1.07034,500,-0.70,0.00,0.00,9 226.27,
2022.06.09 14:45:00,501,EURUSD,sell,out,0.1,1.07434,501,0.00,0.00,40.00,9 266.27,
2022.06.09 14:45:17,502,EURUSD,sell,in,0.1,1.07410,502,-0.70,0.00,0.00,9 265.57,
2022.06.09 17:15:00,503,EURUSD,buy,out,0.1,1.06571,503,0.00,0.00,83.90,9 349.47,
2022.06.09 17:26:36,504,EURUSD,buy,in,0.1,1.06599,504,-0.70,0.00,0.00,9 348.77,
2022.06.14 10:30:00,505,EURUSD,sell,out,0.1,1.04606,505,0.00,-2.25,-199.30,9 147.22,
2022.06.14 10:30:30,506,EURUSD,sell,in,0.1,1.04583,506,-0.70,0.00,0.00,9 146.52,
2022.06.15 16:15:00,507,EURUSD,buy,out,0.1,1.04047,507,0.00,0.25,53.60,9 200.37,
2022.06.15 16:15:17,508,EURUSD,buy,in,0.1,1.04051,508,-0.70,0.00,0.00,9 199.67,
2022.06.16 18:15:00,509,EURUSD,sell,out,0.1,1.05121,509,0.00,-3.74,107.00,9 302.93,
2022.06.16 18:15:14,510,EURUSD,sell,in,0.1,1.05068,510,-0.70,0.00,0.00,9 302.23,
2022.06.17 10:00:00,511,EURUSD,buy,out,0.1,1.05003,511,0.00,0.25,6.50,9 308.98,
2022.06.17 10:00:39,512,EURUSD,buy,in,0.1,1.05018,512,-0.70,0.00,0.00,9 308.28,
2022.06.20 05:45:00,513,EURUSD,sell,out,0.1,1.05170,513,0.00,-0.75,15.20,9 322.73,
2022.06.20 05:45:40,514,EURUSD,sell,in,0.1,1.05153,514,-0.70,0.00,0.00,9 322.03,
2022.06.22 04:00:00,515,EURUSD,buy,out,0.1,1.05125,515,0.00,0.50,2.80,9 325.33,
2022.06.22 04:07:39,516,EURUSD,buy,in,0.1,1.05136,516,-0.70,0.00,0.00,9 324.63,
2022.06.22 16:45:00,517,EURUSD,sell,out,0.1,1.05629,517,0.00,0.00,49.30,9 373.93,
2022.06.22 16:46:31,518,EURUSD,sell,in,0.1,1.05601,518,-0.70,0.00,0.00,9 373.23,
2022.06.23 10:45:00,519,EURUSD,buy,out,0.1,1.05112,519,0.00,1.27,48.90,9 423.40,
2022.06.23 11:13:29,520,EURUSD,buy,in,0.1,1.05148,520,-0.70,0.00,0.00,9 422.70,
2022.06.24 08:45:00,521,EURUSD,sell,out,0.1,1.05451,521,0.00,-0.75,30.30,9 452.25,
2022.06.24 08:45:28,522,EURUSD,sell,in,0.1,1.05445,522,-0.70,0.00,0.00,9 451.55,
2022.06.28 15:45:00,523,EURUSD,buy,out,0.1,1.05430,523,0.00,0.50,1.50,9 453.55,
2022.06.28 16:55:27,524,EURUSD,buy,in,0.1,1.05376,524,-0.70,0.00,0.00,9 452.85,
2022.06.30 20:00:00,525,EURUSD,sell,out,0.1,1.04826,525,0.00,-4.49,-55.00,9 393.36,
2022.06.30 20:00:02,526,EURUSD,sell,in,0.1,1.04822,526,-0.70,0.00,0.00,9 392.66,
2022.07.01 07:15:00,527,EURUSD,buy,out,0.1,1.04482,527,0.00,0.25,34.00,9 426.91,
2022.07.01 07:16:39,528,EURUSD,buy,in,0.1,1.04504,528,-0.70,0.00,0.00,9 426.21,
2022.07.04 14:15:00,529,EURUSD,sell,out,0.1,1.04614,529,0.00,-0.75,11.00,9 436.46,
2022.07.04 14:15:19,530,EURUSD,sell,in,0.1,1.04610,530,-0.70,0.00,0.00,9 435.76,
2022.07.05 10:15:00,531,EURUSD,buy,out,0.1,1.04030,531,0.00,0.25,58.00,9 494.01,
2022.07.05 15:26:40,532,EURUSD,buy,in,0.1,1.03003,532,-0.70,0.00,0.00,9 493.31,
2022.07.07 06:15:00,533,EURUSD,sell,out,0.1,1.02059,533,0.00,-4.49,-94.40,9 394.42,
2022.07.07 06:15:05,534,EURUSD,sell,in,0.1,1.02054,534,-0.70,0.00,0.00,9 393.72,
2022.07.08 07:15:00,535,EURUSD,buy,out,0.1,1.01402,535,0.00,0.25,65.20,9 459.17,
2022.07.08 07:15:39,536,EURUSD,buy,in,0.1,1.01421,536,-0.70,0.00,0.00,9 458.47,
2022.07.15 14:00:00,537,EURUSD,sell,out,0.1,1.00586,537,0.00,-6.74,-83.50,9 368.23,
2022.07.15 14:01:05,538,EURUSD,sell,in,0.1,1.00579,538,-0.70,0.00,0.00,9 367.53,
2022.07.20 13:45:00,539,EURUSD,buy,out,0.1,1.01885,539,0.00,0.75,-130.60,9 237.68,
2022.07.20 13:52:37,540,EURUSD,buy,in,0.1,1.01906,540,-0.70,0.00,0.00,9 236.98,
2022.07.21 06:00:00,541,EURUSD,sell,out,0.1,1.02094,541,0.00,-3.74,18.80,9 252.04,
2022.07.21 06:00:35,542,EURUSD,sell,in,0.1,1.02082,542,-0.70,0.00,0.00,9 251.34,
2022.07.22 10:45:00,543,EURUSD,buy,out,0.1,1.01393,543,0.00,0.25,68.90,9 320.49,
2022.07.22 10:49:32,544,EURUSD,buy,in,0.1,1.01463,544,-0.70,0.00,0.00,9 319.79,
2022.07.22 17:00:00,545,EURUSD,sell,out,0.1,1.02339,545,0.00,0.00,87.60,9 407.39,
2022.07.22 17:07:05,546,EURUSD,sell,in,0.1,1.02309,546,-0.70,0.00,0.00,9 406.69,
2022.07.25 04:00:00,547,EURUSD,buy,out,0.1,1.01822,547,0.00,0.25,48.70,9 455.64,
2022.07.25 04:01:35,548,EURUSD,buy,in,0.1,1.01845,548,-0.70,0.00,0.00,9 454.94,
2022.07.25 12:15:00,549,EURUSD,sell,out,0.1,1.02451,549,0.00,0.00,60.60,9 515.54,
2022.07.25 12:30:37,550,EURUSD,sell,in,0.1,1.02407,550,-0.70,0.00,0.00,9 514.84,
2022.07.26 12:45:00,551,EURUSD,buy,out,0.1,1.01783,551,0.00,0.25,62.40,9 577.49,
2022.07.26 12:47:38,552,EURUSD,buy,in,0.1,1.01797,552,-0.70,0.00,0.00,9 576.79,
2022.07.27 14:15:00,553,EURUSD,sell,out,0.1,1.01686,553,0.00,-0.75,-11.10,9 564.94,
2022.07.27 14:15:18,554,EURUSD,sell,in,0.1,1.01677,554,-0.70,0.00,0.00,9 564.24,
2022.07.27 17:30:00,555,EURUSD,buy,out,0.1,1.01106,555,0.00,0.00,57.10,9 621.34,
2022.07.27 17:30:00,556,EURUSD,buy,in,0.1,1.01106,556,-0.70,0.00,0.00,9 620.64,
2022.07.27 21:45:00,557,EURUSD,sell,out,0.1,1.01843,557,0.00,0.00,73.70,9 694.34,
2022.07.27 21:45:04,558,EURUSD,sell,in,0.1,1.01831,558,-0.70,0.00,0.00,9 693.64,
2022.07.28 13:00:00,559,EURUSD,buy,out,0.1,1.01536,559,0.00,1.27,29.50,9 724.41,
2022.07.28 13:00:39,560,EURUSD,buy,in,0.1,1.01549,560,-0.70,0.00,0.00,9 723.71,
2022.07.29 07:00:00,561,EURUSD,sell,out,0.1,1.02130,561,0.00,-0.75,58.10,9 781.06,
2022.07.29 07:24:31,562,EURUSD,sell,in,0.1,1.02160,562,-0.70,0.00,0.00,9 780.36,
2022.07.29 16:15:00,563,EURUSD,buy,out,0.1,1.01548,563,0.00,0.00,61.20,9 841.56,
2022.07.29 16:24:31,564,EURUSD,buy,in,0.1,1.01563,564,-0.70,0.00,0.00,9 840.86,
2022.08.02 03:45:00,565,EURUSD,sell,out,0.1,1.02851,565,0.00,-1.50,128.80,9 968.16,
2022.08.02 04:00:05,566,EURUSD,sell,in,0.1,1.02850,566,-0.70,0.00,0.00,9 967.46,
2022.08.02 09:45:00,567,EURUSD,buy,out,0.1,1.02399,567,0.00,0.00,45.10,10 012.56,
2022.08.02 09:45:37,568,EURUSD,buy,in,0.1,1.02414,568,-0.70,0.00,0.00,10 011.86,
2022.08.04 18:30:00,569,EURUSD,sell,out,0.1,1.02284,569,0.00,-4.49,-13.00,9 994.37,
2022.08.04 18:30:39,570,EURUSD,sell,in,0.1,1.02260,570,-0.70,0.00,0.00,9 993.67,
2022.08.05 15:45:00,571,EURUSD,buy,out,0.1,1.01741,571,0.00,0.25,51.90,10 045.82,
2022.08.05 16:53:29,572,EURUSD,buy,in,0.1,1.01730,572,-0.70,0.00,0.00,10 045.12,
2022.08.08 10:45:00,573,EURUSD,sell,out,0.1,1.02074,573,0.00,-0.75,34.40,10 078.77,
2022.08.08 11:00:29,574,EURUSD,sell,in,0.1,1.02058,574,-0.70,0.00,0.00,10 078.07,
2022.08.12 17:45:00,575,EURUSD,buy,out,0.1,1.02538,575,0.00,2.02,-48.00,10 032.09,
2022.08.12 17:45:00,576,EURUSD,buy,in,0.1,1.02540,576,-0.70,0.00,0.00,10 031.39,
2022.08.16 17:00:00,577,EURUSD,sell,out,0.1,1.01761,577,0.00,-1.50,-77.90,9 951.99,
2022.08.16 17:00:31,578,EURUSD,sell,in,0.1,1.01746,578,-0.70,0.00,0.00,9 951.29,
2022.08.18 07:30:00,579,EURUSD,buy,out,0.1,1.01652,579,0.00,1.52,9.40,9 962.21,
2022.08.18 07:30:00,580,EURUSD,buy,in,0.1,1.01652,580,-0.70,0.00,0.00,9 961.51,
2022.08.23 17:00:00,581,EURUSD,sell,out,0.1,0.99976,581,0.00,-2.25,-167.60,9 791.66,
2022.08.23 17:18:15,582,EURUSD,sell,in,0.1,0.99879,582,-0.70,0.00,0.00,9 790.96,
2022.08.24 13:45:00,583,EURUSD,buy,out,0.1,0.99249,583,0.00,0.25,63.00,9 854.21,
2022.08.24 14:03:20,584,EURUSD,buy,in,0.1,0.99242,584,-0.70,0.00,0.00,9 853.51,
2022.08.24 18:00:00,585,EURUSD,sell,out,0.1,0.99899,585,0.00,0.00,65.70,9 919.21,
2022.08.24 18:03:38,586,EURUSD,sell,in,0.1,0.99831,586,-0.70,0.00,0.00,9 918.51,
2022.08.26 10:00:00,587,EURUSD,buy,out,0.1,0.99511,587,0.00,1.52,32.00,9 952.03,
2022.08.26 10:00:02,588,EURUSD,buy,in,0.1,0.99518,588,-0.70,0.00,0.00,9 951.33,
2022.08.26 12:15:00,589,EURUSD,sell,out,0.1,0.99930,589,0.00,0.00,41.20,9 992.53,
2022.08.26 12:50:59,590,EURUSD,sell,in,0.1,0.99995,590,-0.70,0.00,0.00,9 991.83,
2022.08.29 02:00:00,591,EURUSD,buy,out,0.1,0.99485,591,0.00,0.25,51.00,10 043.08,
2022.08.29 02:00:20,592,EURUSD,buy,in,0.1,0.99494,592,-0.70,0.00,0.00,10 042.38,
2022.08.29 13:15:00,593,EURUSD,sell,out,0.1,0.99706,593,0.00,0.00,21.20,10 063.58,
2022.08.29 13:15:19,594,EURUSD,sell,in,0.1,0.99700,594,-0.70,0.00,0.00,10 062.88,
2022.08.31 10:15:00,595,EURUSD,buy,out,0.1,1.00076,595,0.00,0.50,-37.60,10 025.78,
2022.08.31 10:15:17,596,EURUSD,buy,in,0.1,1.00080,596,-0.70,0.00,0.00,10 025.08,
2022.08.31 17:45:00,597,EURUSD,sell,out,0.1,1.00571,597,0.00,0.00,49.10,10 074.18,
2022.08.31 17:45:31,598,EURUSD,sell,in,0.1,1.00558,598,-0.70,0.00,0.00,10 073.48,
2022.09.01 03:45:00,599,EURUSD,buy,out,0.1,1.00215,599,0.00,1.27,34.30,10 109.05,
2022.09.01 03:45:59,600,EURUSD,buy,in,0.1,1.00221,600,-0.70,0.00,0.00,10 108.35,
2022.09.02 08:30:00,601,EURUSD,sell,out,0.1,0.99718,601,0.00,-0.75,-50.30,10 057.30,
2022.09.02 08:34:23,602,EURUSD,sell,in,0.1,0.99706,602,-0.70,0.00,0.00,10 056.60,
2022.09.05 00:15:00,603,EURUSD,buy,out,0.1,0.99329,603,0.00,0.25,37.70,10 094.55,
2022.09.05 00:22:30,604,EURUSD,buy,in,0.1,0.99322,604,-0.70,0.00,0.00,10 093.85,
2022.09.06 03:15:00,605,EURUSD,sell,out,0.1,0.99590,605,0.00,-0.75,26.80,10 119.90,
2022.09.06 03:15:42,606,EURUSD,sell,in,0.1,0.99564,606,-0.70,0.00,0.00,10 119.20,
2022.09.06 16:00:00,607,EURUSD,buy,out,0.1,0.99006,607,0.00,0.00,55.80,10 175.00,
2022.09.06 16:17:41,608,EURUSD,buy,in,0.1,0.98985,608,-0.70,0.00,0.00,10 174.30,
2022.09.07 19:45:00,609,EURUSD,sell,out,0.1,0.99704,609,0.00,-0.75,71.90,10 245.45,
2022.09.07 19:49:41,610,EURUSD,sell,in,0.1,0.99672,610,-0.70,0.00,0.00,10 244.75,
2022.09.08 16:15:00,611,EURUSD,buy,out,0.1,0.99377,611,0.00,1.27,29.50,10 275.52,
2022.09.08 16:21:29,612,EURUSD,buy,in,0.1,0.99500,612,-0.70,0.00,0.00,10 274.82,
2022.09.09 03:15:00,613,EURUSD,sell,out,0.1,1.00201,613,0.00,-0.75,70.10,10 344.17,
2022.09.09 06:32:36,614,EURUSD,sell,in,0.1,1.00693,614,-0.70,0.00,0.00,10 343.47,
2022.09.09 15:00:00,615,EURUSD,buy,out,0.1,1.00372,615,0.00,0.00,32.10,10 375.57,
2022.09.09 15:00:20,616,EURUSD,buy,in,0.1,1.00375,616,-0.70,0.00,0.00,10 374.87,
2022.09.12 00:15:00,617,EURUSD,sell,out,0.1,1.00919,617,0.00,-0.75,54.40,10 428.52,
2022.09.12 00:18:35,618,EURUSD,sell,in,0.1,1.00867,618,-0.70,0.00,0.00,10 427.82,
2022.09.13 15:45:00,619,EURUSD,buy,out,0.1,1.00512,619,0.00,0.25,35.50,10 463.57,
2022.09.13 20:04:39,620,EURUSD,buy,in,0.1,1.00046,620,-0.70,0.00,0.00,10 462.87,
2022.09.14 13:30:00,621,EURUSD,sell,out,0.1,1.00212,621,0.00,-0.75,16.60,10 478.72,
2022.09.14 13:30:00,622,EURUSD,sell,in,0.1,1.00212,622,-0.70,0.00,0.00,10 478.02,
2022.09.15 08:45:00,623,EURUSD,buy,out,0.1,0.99617,623,0.00,1.27,59.50,10 538.79,
2022.09.15 08:45:05,624,EURUSD,buy,in,0.1,0.99619,624,-0.70,0.00,0.00,10 538.09,
2022.09.15 11:45:00,625,EURUSD,sell,out,0.1,0.99873,625,0.00,0.00,25.40,10 563.49,
2022.09.15 11:45:01,626,EURUSD,sell,in,0.1,0.99871,626,-0.70,0.00,0.00,10 562.79,
2022.09.16 11:00:00,627,EURUSD,buy,out,0.1,0.99562,627,0.00,0.25,30.90,10 593.94,
2022.09.16 11:01:40,628,EURUSD,buy,in,0.1,0.99610,628,-0.70,0.00,0.00,10 593.24,
2022.09.16 18:00:00,629,EURUSD,sell,out,0.1,1.00306,629,0.00,0.00,69.60,10 662.84,
2022.09.16 18:00:32,630,EURUSD,sell,in,0.1,1.00283,630,-0.70,0.00,0.00,10 662.14,
2022.09.19 08:45:00,631,EURUSD,buy,out,0.1,0.99857,631,0.00,0.25,42.60,10 704.99,
2022.09.19 08:45:31,632,EURUSD,buy,in,0.1,0.99861,632,-0.70,0.00,0.00,10 704.29,
2022.09.20 03:15:00,633,EURUSD,sell,out,0.1,1.00493,633,0.00,-0.75,63.20,10 766.74,
2022.09.20 03:29:28,634,EURUSD,sell,in,0.1,1.00447,634,-0.70,0.00,0.00,10 766.04,
2022.09.20 15:30:00,635,EURUSD,buy,out,0.1,0.99655,635,0.00,0.00,79.20,10 845.24,
2022.09.20 15:33:42,636,EURUSD,buy,in,0.1,0.99729,636,-0.70,0.00,0.00,10 844.54,
2022.09.22 11:30:00,637,EURUSD,sell,out,0.1,0.98689,637,0.00,-4.49,-104.00,10 736.05,
2022.09.22 11:30:16,638,EURUSD,sell,in,0.1,0.98675,638,-0.70,0.00,0.00,10 735.35,
2022.09.23 10:15:00,639,EURUSD,buy,out,0.1,0.97930,639,0.00,0.25,74.50,10 810.10,
2022.09.23 10:15:17,640,EURUSD,buy,in,0.1,0.97975,640,-0.70,0.00,0.00,10 809.40,
2022.09.27 09:30:00,641,EURUSD,sell,out,0.1,0.96597,641,0.00,-1.50,-137.80,10 670.10,
2022.09.27 09:30:16,642,EURUSD,sell,in,0.1,0.96582,642,-0.70,0.00,0.00,10 669.40,
2022.09.28 04:30:00,643,EURUSD,buy,out,0.1,0.95593,643,0.00,0.25,98.90,10 768.55,
2022.09.28 04:30:34,644,EURUSD,buy,in,0.1,0.95596,644,-0.70,0.00,0.00,10 767.85,
2022.09.28 17:45:00,645,EURUSD,sell,out,0.1,0.96338,645,0.00,0.00,74.20,10 842.05,
2022.09.28 17:45:41,646,EURUSD,sell,in,0.1,0.96323,646,-0.70,0.00,0.00,10 841.35,
2022.09.29 08:45:00,647,EURUSD,buy,out,0.1,0.96607,647,0.00,1.27,-28.40,10 814.22,
2022.09.29 08:50:39,648,EURUSD,buy,in,0.1,0.96636,648,-0.70,0.00,0.00,10 813.52,
2022.09.29 14:45:00,649,EURUSD,sell,out,0.1,0.97374,649,0.00,0.00,73.80,10 887.32,
2022.09.29 14:49:38,650,EURUSD,sell,in,0.1,0.97360,650,-0.70,0.00,0.00,10 886.62,
2022.09.30 13:30:00,651,EURUSD,buy,out,0.1,0.97639,651,0.00,0.25,-27.90,10 858.97,
2022.09.30 13:31:39,652,EURUSD,buy,in,0.1,0.97677,652,-0.70,0.00,0.00,10 858.27,
2022.10.04 09:45:00,653,EURUSD,sell,out,0.1,0.98653,653,0.00,-1.50,97.60,10 954.37,
2022.10.04 09:50:36,654,EURUSD,sell,in,0.1,0.98634,654,-0.70,0.00,0.00,10 953.67,
2022.10.05 15:00:00,655,EURUSD,buy,out,0.1,0.99054,655,0.00,0.25,-42.00,10 911.92,
2022.10.05 15:01:17,656,EURUSD,buy,in,0.1,0.99060,656,-0.70,0.00,0.00,10 911.22,
2022.10.06 03:00:00,657,EURUSD,sell,out,0.1,0.99117,657,0.00,-3.74,5.70,10 913.18,
2022.10.06 03:00:40,658,EURUSD,sell,in,0.1,0.99100,658,-0.70,0.00,0.00,10 912.48,
2022.10.06 16:30:00,659,EURUSD,buy,out,0.1,0.98331,659,0.00,0.00,76.90,10 989.38,
2022.10.06 16:30:05,660,EURUSD,buy,in,0.1,0.98352,660,-0.70,0.00,0.00,10 988.68,
2022.10.11 19:00:00,661,EURUSD,sell,out,0.1,0.97562,661,0.00,-2.25,-79.00,10 907.43,
2022.10.11 19:00:28,662,EURUSD,sell,in,0.1,0.97546,662,-0.70,0.00,0.00,10 906.73,
2022.10.12 17:45:00,663,EURUSD,buy,out,0.1,0.96739,663,0.00,0.25,80.70,10 987.68,
2022.10.12 17:50:31,664,EURUSD,buy,in,0.1,0.96749,664,-0.70,0.00,0.00,10 986.98,
2022.10.13 12:30:00,665,EURUSD,sell,out,0.1,0.97406,665,0.00,-3.74,65.70,11 048.94,
2022.10.13 12:31:40,666,EURUSD,sell,in,0.1,0.97361,666,-0.70,0.00,0.00,11 048.24,
2022.10.13 15:45:00,667,EURUSD,buy,out,0.1,0.96492,667,0.00,0.00,86.90,11 135.14,
2022.10.13 15:51:31,668,EURUSD,buy,in,0.1,0.96562,668,-0.70,0.00,0.00,11 134.44,
2022.10.14 05:00:00,669,EURUSD,sell,out,0.1,0.97998,669,0.00,-0.75,143.60,11 277.29,
2022.10.14 05:01:43,670,EURUSD,sell,in,0.1,0.97989,670,-0.70,0.00,0.00,11 276.59,
2022.10.14 12:30:00,671,EURUSD,buy,out,0.1,0.97285,671,0.00,0.00,70.40,11 346.99,
2022.10.14 12:31:37,672,EURUSD,buy,in,0.1,0.97317,672,-0.70,0.00,0.00,11 346.29,
2022.10.17 17:45:00,673,EURUSD,sell,out,0.1,0.98017,673,0.00,-0.75,70.00,11 415.54,
2022.10.17 17:45:02,674,EURUSD,sell,in,0.1,0.98012,674,-0.70,0.00,0.00,11 414.84,
2022.10.19 07:45:00,675,EURUSD,buy,out,0.1,0.98390,675,0.00,0.50,-37.80,11 377.54,
2022.10.19 07:49:04,676,EURUSD,buy,in,0.1,0.98399,676,-0.70,0.00,0.00,11 376.84,
2022.10.20 08:15:00,677,EURUSD,sell,out,0.1,0.97877,677,0.00,-3.74,-52.20,11 320.90,
2022.10.20 08:15:19,678,EURUSD,sell,in,0.1,0.97870,678,-0.70,0.00,0.00,11 320.20,
2022.10.21 15:30:00,679,EURUSD,buy,out,0.1,0.97140,679,0.00,0.25,73.00,11 393.45,
2022.10.21 15:30:31,680,EURUSD,buy,in,0.1,0.97158,680,-0.70,0.00,0.00,11 392.75,
2022.10.21 19:00:00,681,EURUSD,sell,out,0.1,0.98547,681,0.00,0.00,138.90,11 531.65,
2022.10.21 19:08:17,682,EURUSD,sell,in,0.1,0.98466,682,-0.70,0.00,0.00,11 530.95,
2022.10.25 10:00:00,683,EURUSD,buy,out,0.1,0.98613,683,0.00,0.50,-14.70,11 516.75,
2022.10.25 10:00:15,684,EURUSD,buy,in,0.1,0.98625,684,-0.70,0.00,0.00,11 516.05,
2022.10.25 16:15:00,685,EURUSD,sell,out,0.1,0.99012,685,0.00,0.00,38.70,11 554.75,
2022.10.25 17:18:43,686,EURUSD,sell,in,0.1,0.99415,686,-0.70,0.00,0.00,11 554.05,
2022.10.27 12:45:00,687,EURUSD,buy,out,0.1,1.00331,687,0.00,1.52,-91.60,11 463.97,
2022.10.27 12:46:37,688,EURUSD,buy,in,0.1,1.00355,688,-0.70,0.00,0.00,11 463.27,
2022.11.01 05:45:00,689,EURUSD,sell,out,0.1,0.99030,689,0.00,-2.25,-132.50,11 328.52,
2022.11.01 05:46:31,690,EURUSD,sell,in,0.1,0.99027,690,-0.70,0.00,0.00,11 327.82,
2022.11.01 17:45:00,691,EURUSD,buy,out,0.1,0.98837,691,0.00,0.00,19.00,11 346.82,
2022.11.01 17:45:05,692,EURUSD,buy,in,0.1,0.98849,692,-0.70,0.00,0.00,11 346.12,
2022.11.02 21:15:00,693,EURUSD,sell,out,0.1,0.99442,693,0.00,-0.75,59.30,11 404.67,
2022.11.02 21:17:59,694,EURUSD,sell,in,0.1,0.99383,694,-0.70,0.00,0.00,11 403.97,
2022.11.03 10:15:00,695,EURUSD,buy,out,0.1,0.97992,695,0.00,1.27,139.10,11 544.34,
2022.11.03 10:17:15,696,EURUSD,buy,in,0.1,0.98026,696,-0.70,0.00,0.00,11 543.64,
2022.11.04 07:15:00,697,EURUSD,sell,out,0.1,0.97784,697,0.00,-0.75,-24.20,11 518.69,
2022.11.04 07:32:35,698,EURUSD,sell,in,0.1,0.97765,698,-0.70,0.00,0.00,11 517.99,
2022.11.08 08:00:00,699,EURUSD,buy,out,0.1,0.99959,699,0.00,0.50,-219.40,11 299.09,
2022.11.08 08:00:00,700,EURUSD,buy,in,0.1,0.99959,700,-0.70,0.00,0.00,11 298.39,
2022.11.08 17:15:00,701,EURUSD,sell,out,0.1,1.00428,701,0.00,0.00,46.90,11 345.29,
2022.11.08 20:20:41,702,EURUSD,sell,in,0.1,1.00818,702,-0.70,0.00,0.00,11 344.59,
2022.11.10 11:15:00,703,EURUSD,buy,out,0.1,0.99867,703,0.00,1.52,95.10,11 441.21,
2022.11.10 11:15:19,704,EURUSD,buy,in,0.1,0.99872,704,-0.70,0.00,0.00,11 440.51,
2022.11.10 15:45:00,705,EURUSD,sell,out,0.1,1.01197,705,0.00,0.00,132.50,11 573.01,
2022.11.10 18:15:31,706,EURUSD,sell,in,0.1,1.01521,706,-0.70,0.00,0.00,11 572.31,
2022.11.15 20:30:00,707,EURUSD,buy,out,0.1,1.03255,707,0.00,0.75,-173.40,11 399.66,
2022.11.15 20:30:04,708,EURUSD,buy,in,0.1,1.03267,708,-0.70,0.00,0.00,11 398.96,
2022.11.16 12:00:00,709,EURUSD,sell,out,0.1,1.04199,709,0.00,-0.75,93.20,11 491.41,
2022.11.16 12:00:41,710,EURUSD,sell,in,0.1,1.04179,710,-0.70,0.00,0.00,11 490.71,
2022.11.17 13:00:00,711,EURUSD,buy,out,0.1,1.03382,711,0.00,1.27,79.70,11 571.68,
2022.11.17 13:00:40,712,EURUSD,buy,in,0.1,1.03400,712,-0.70,0.00,0.00,11 570.98,
2022.11.22 03:15:00,713,EURUSD,sell,out,0.1,1.02609,713,0.00,-2.25,-79.10,11 489.63,
2022.11.22 03:15:02,714,EURUSD,sell,in,0.1,1.02607,714,-0.70,0.00,0.00,11 488.93,
2022.11.25 15:15:00,715,EURUSD,buy,out,0.1,1.03749,715,0.00,1.77,-114.20,11 376.50,
2022.11.25 15:15:30,716,EURUSD,buy,in,0.1,1.03759,716,-0.70,0.00,0.00,11 375.80,
2022.11.28 10:30:00,717,EURUSD,sell,out,0.1,1.04064,717,0.00,-0.75,30.50,11 405.55,
2022.11.28 13:48:41,718,EURUSD,sell,in,0.1,1.04730,718,-0.70,0.00,0.00,11 404.85,
2022.11.28 18:15:00,719,EURUSD,buy,out,0.1,1.03904,719,0.00,0.00,82.60,11 487.45,
2022.11.28 18:49:31,720,EURUSD,buy,in,0.1,1.03839,720,-0.70,0.00,0.00,11 486.75,
2022.11.29 07:00:00,721,EURUSD,sell,out,0.1,1.03930,721,0.00,-0.75,9.10,11 495.10,
2022.11.29 07:00:31,722,EURUSD,sell,in,0.1,1.03902,722,-0.70,0.00,0.00,11 494.40,
2022.11.30 18:00:00,723,EURUSD,buy,out,0.1,1.02986,723,0.00,0.25,91.60,11 586.25,
2022.11.30 18:03:59,724,EURUSD,buy,in,0.1,1.03010,724,-0.70,0.00,0.00,11 585.55,
2022.11.30 22:00:00,725,EURUSD,sell,out,0.1,1.04134,725,0.00,0.00,112.40,11 697.95,
2022.11.30 22:00:31,726,EURUSD,sell,in,0.1,1.04117,726,-0.70,0.00,0.00,11 697.25,
2022.12.02 15:45:00,727,EURUSD,buy,out,0.1,1.04481,727,0.00,1.52,-36.40,11 662.37,
2022.12.02 16:10:13,728,EURUSD,buy,in,0.1,1.04656,728,-0.70,0.00,0.00,11 661.67,
2022.12.05 03:30:00,729,EURUSD,sell,out,0.1,1.05625,729,0.00,-0.75,96.90,11 757.82,
2022.12.05 03:30:15,730,EURUSD,sell,in,0.1,1.05605,730,-0.70,0.00,0.00,11 757.12,
2022.12.05 10:00:00,731,EURUSD,buy,out,0.1,1.05392,731,0.00,0.00,21.30,11 778.42,
2022.12.05 10:00:05,732,EURUSD,buy,in,0.1,1.05399,732,-0.70,0.00,0.00,11 777.72,
2022.12.07 15:00:00,733,EURUSD,sell,out,0.1,1.05364,733,0.00,-1.50,-3.50,11 772.72,
2022.12.07 15:05:31,734,EURUSD,sell,in,0.1,1.05303,734,-0.70,0.00,0.00,11 772.02,
2022.12.09 11:30:00,735,EURUSD,buy,out,0.1,1.05497,735,0.00,1.52,-19.40,11 754.14,
2022.12.09 11:30:05,736,EURUSD,buy,in,0.1,1.05509,736,-0.70,0.00,0.00,11 753.44,
2022.12.12 11:15:00,737,EURUSD,sell,out,0.1,1.05472,737,0.00,-0.75,-3.70,11 748.99,
2022.12.12 11:15:03,738,EURUSD,sell,in,0.1,1.05467,738,-0.70,0.00,0.00,11 748.29,
2022.12.15 10:45:00,739,EURUSD,buy,out,0.1,1.06274,739,0.00,1.77,-80.70,11 669.36,
2022.12.15 10:45:40,740,EURUSD,buy,in,0.1,1.06298,740,-0.70,0.00,0.00,11 668.66,
2022.12.15 16:15:00,741,EURUSD,sell,out,0.1,1.07090,741,0.00,0.00,79.20,11 747.86,
2022.12.15 16:36:31,742,EURUSD,sell,in,0.1,1.06955,742,-0.70,0.00,0.00,11 747.16,
2022.12.27 15:15:00,743,EURUSD,buy,out,0.1,1.06239,743,0.00,2.77,71.60,11 821.53,
2022.12.27 15:15:31,744,EURUSD,buy,in,0.1,1.06262,744,-0.70,0.00,0.00,11 820.83,
2022.12.29 11:45:00,745,EURUSD,sell,out,0.1,1.06510,745,0.00,-5.23,24.80,11 840.40,
2022.12.29 12:01:16,746,EURUSD,sell,in,0.1,1.06527,746,-0.70,0.00,0.00,11 839.70,
2022.12.30 08:00:00,747,EURUSD,buy,out,0.1,1.06431,747,0.00,0.25,9.60,11 849.55,
2022.12.30 08:00:27,748,EURUSD,buy,in,0.1,1.06439,748,-0.70,0.00,0.00,11 848.85,
2022.12.30 13:45:00,749,EURUSD,sell,out,0.1,1.06936,749,0.00,0.00,49.70,11 898.55,
2022.12.30 13:46:37,750,EURUSD,sell,in,0.1,1.06927,750,-0.70,0.00,0.00,11 897.85,
2023.01.03 10:00:00,751,EURUSD,buy,out,0.1,1.06237,751,0.00,0.25,69.00,11 967.10,
2023.01.03 14:30:40,752,EURUSD,buy,in,0.1,1.05403,752,-0.70,0.00,0.00,11 966.40,
2023.01.04 09:45:00,753,EURUSD,sell,out,0.1,1.06049,753,0.00,-1.49,64.60,12 029.51,
2023.01.04 09:45:40,754,EURUSD,sell,in,0.1,1.05970,754,-0.70,0.00,0.00,12 028.81,
2023.01.05 15:30:00,755,EURUSD,buy,out,0.1,1.05801,755,0.00,1.27,16.90,12 046.98,
2023.01.05 17:08:32,756,EURUSD,buy,in,0.1,1.05531,756,-0.70,0.00,0.00,12 046.28,
2023.01.06 17:30:00,757,EURUSD,sell,out,0.1,1.05816,757,0.00,-0.75,28.50,12 074.03,
2023.01.06 17:30:05,758,EURUSD,sell,in,0.1,1.05807,758,-0.70,0.00,0.00,12 073.33,
2023.01.13 16:00:00,759,EURUSD,buy,out,0.1,1.07939,759,0.00,2.27,-213.20,11 862.40,
2023.01.13 16:00:03,760,EURUSD,buy,in,0.1,1.07940,760,-0.70,0.00,0.00,11 861.70,
2023.01.16 03:45:00,761,EURUSD,sell,out,0.1,1.08538,761,0.00,-0.75,59.80,11 920.75,
2023.01.16 03:45:33,762,EURUSD,sell,in,0.1,1.08529,762,-0.70,0.00,0.00,11 920.05,
2023.01.16 10:15:00,763,EURUSD,buy,out,0.1,1.08138,763,0.00,0.00,39.10,11 959.15,
2023.01.16 10:16:18,764,EURUSD,buy,in,0.1,1.08167,764,-0.70,0.00,0.00,11 958.45,
2023.01.18 09:15:00,765,EURUSD,sell,out,0.1,1.08071,765,0.00,-1.50,-9.60,11 947.35,
2023.01.18 09:16:15,766,EURUSD,sell,in,0.1,1.08068,766,-0.70,0.00,0.00,11 946.65,
2023.01.23 16:15:00,767,EURUSD,buy,out,0.1,1.08534,767,0.00,1.77,-46.60,11 901.82,
2023.01.23 16:15:29,768,EURUSD,buy,in,0.1,1.08547,768,-0.70,0.00,0.00,11 901.12,
2023.01.24 09:30:00,769,EURUSD,sell,out,0.1,1.08913,769,0.00,-0.75,36.60,11 936.97,
2023.01.24 09:30:30,770,EURUSD,sell,in,0.1,1.08909,770,-0.70,0.00,0.00,11 936.27,
2023.01.24 12:00:00,771,EURUSD,buy,out,0.1,1.08609,771,0.00,0.00,30.00,11 966.27,
2023.01.24 12:00:00,772,EURUSD,buy,in,0.1,1.08610,772,-0.70,0.00,0.00,11 965.57,
2023.01.25 17:15:00,773,EURUSD,sell,out,0.1,1.09110,773,0.00,-0.75,50.00,12 014.82,
2023.01.25 17:21:41,774,EURUSD,sell,in,0.1,1.09077,774,-0.70,0.00,0.00,12 014.12,
2023.01.26 17:45:00,775,EURUSD,buy,out,0.1,1.08749,775,0.00,1.27,32.80,12 048.19,
2023.01.26 17:45:03,776,EURUSD,buy,in,0.1,1.08753,776,-0.70,0.00,0.00,12 047.49,
2023.01.30 12:15:00,777,EURUSD,sell,out,0.1,1.09066,777,0.00,-1.50,31.30,12 077.29,
2023.01.30 12:17:38,778,EURUSD,sell,in,0.1,1.09054,778,-0.70,0.00,0.00,12 076.59,
2023.01.30 20:00:00,779,EURUSD,buy,out,0.1,1.08579,779,0.00,0.00,47.50,12 124.09,
2023.01.30 20:00:37,780,EURUSD,buy,in,0.1,1.08584,780,-0.70,0.00,0.00,12 123.39,
2023.02.01 09:30:00,781,EURUSD,sell,out,0.1,1.08778,781,0.00,-1.50,19.40,12 141.29,
2023.02.01 09:30:29,782,EURUSD,sell,in,0.1,1.08777,782,-0.70,0.00,0.00,12 140.59,
2023.02.02 16:00:00,783,EURUSD,buy,out,0.1,1.09453,783,0.00,1.27,-67.60,12 074.26,
2023.02.02 16:06:20,784,EURUSD,buy,in,0.1,1.09468,784,-0.70,0.00,0.00,12 073.56,
2023.02.03 12:00:00,785,EURUSD,sell,out,0.1,1.09299,785,0.00,-0.75,-16.90,12 055.91,
2023.02.03 12:04:04,786,EURUSD,sell,in,0.1,1.09266,786,-0.70,0.00,0.00,12 055.21,
2023.02.03 15:45:00,787,EURUSD,buy,out,0.1,1.08435,787,0.00,0.00,83.10,12 138.31,
2023.02.03 16:32:39,788,EURUSD,buy,in,0.1,1.08552,788,-0.70,0.00,0.00,12 137.61,
2023.02.07 20:00:00,789,EURUSD,sell,out,0.1,1.07600,789,0.00,-1.50,-95.20,12 040.91,
2023.02.07 20:01:41,790,EURUSD,sell,in,0.1,1.07529,790,-0.70,0.00,0.00,12 040.21,
2023.02.10 15:00:00,791,EURUSD,buy,out,0.1,1.06833,791,0.00,1.77,69.60,12 111.58,
2023.02.10 15:00:41,792,EURUSD,buy,in,0.1,1.06843,792,-0.70,0.00,0.00,12 110.88,
2023.02.13 17:30:00,793,EURUSD,sell,out,0.1,1.07133,793,0.00,-0.75,29.00,12 139.13,
2023.02.13 17:46:29,794,EURUSD,sell,in,0.1,1.07130,794,-0.70,0.00,0.00,12 138.43,
2023.02.15 06:15:00,795,EURUSD,buy,out,0.1,1.07155,795,0.00,0.50,-2.50,12 136.43,
2023.02.15 06:16:23,796,EURUSD,buy,in,0.1,1.07163,796,-0.70,0.00,0.00,12 135.73,
2023.02.16 03:45:00,797,EURUSD,sell,out,0.1,1.07062,797,0.00,-3.74,-10.10,12 121.89,
2023.02.16 03:45:30,798,EURUSD,sell,in,0.1,1.07051,798,-0.70,0.00,0.00,12 121.19,
2023.02.16 16:30:00,799,EURUSD,buy,out,0.1,1.06649,799,0.00,0.00,40.20,12 161.39,
2023.02.16 16:30:05,800,EURUSD,buy,in,0.1,1.06666,800,-0.70,0.00,0.00,12 160.69,
2023.02.17 19:15:00,801,EURUSD,sell,out,0.1,1.06895,801,0.00,-0.75,22.90,12 182.84,
2023.02.17 19:19:41,802,EURUSD,sell,in,0.1,1.06859,802,-0.70,0.00,0.00,12 182.14,
2023.02.21 03:15:00,803,EURUSD,buy,out,0.1,1.06702,803,0.00,0.50,15.70,12 198.34,
2023.02.21 03:15:29,804,EURUSD,buy,in,0.1,1.06707,804,-0.70,0.00,0.00,12 197.64,
2023.02.27 16:00:00,805,EURUSD,sell,out,0.1,1.05828,805,0.00,-5.99,-87.90,12 103.75,
2023.02.27 16:10:40,806,EURUSD,sell,in,0.1,1.05823,806,-0.70,0.00,0.00,12 103.05,
2023.02.28 04:00:00,807,EURUSD,buy,out,0.1,1.05867,807,0.00,0.25,-4.40,12 098.90,
2023.02.28 04:00:26,808,EURUSD,buy,in,0.1,1.05872,808,-0.70,0.00,0.00,12 098.20,
2023.02.28 10:45:00,809,EURUSD,sell,out,0.1,1.06111,809,0.00,0.00,23.90,12 122.10,
2023.02.28 10:45:03,810,EURUSD,sell,in,0.1,1.06109,810,-0.70,0.00,0.00,12 121.40,
2023.02.28 23:00:00,811,EURUSD,buy,out,0.1,1.05766,811,0.00,0.00,34.30,12 155.70,
2023.02.28 23:13:39,812,EURUSD,buy,in,0.1,1.05777,812,-0.70,0.00,0.00,12 155.00,
2023.03.01 09:00:00,813,EURUSD,sell,out,0.1,1.06071,813,0.00,-0.75,29.40,12 183.65,
2023.03.01 09:03:01,814,EURUSD,sell,in,0.1,1.06056,814,-0.70,0.00,0.00,12 182.95,
2023.03.02 03:45:00,815,EURUSD,buy,out,0.1,1.06479,815,0.00,1.27,-42.30,12 141.92,
2023.03.02 03:45:05,816,EURUSD,buy,in,0.1,1.06483,816,-0.70,0.00,0.00,12 141.22,
2023.03.03 09:00:00,817,EURUSD,sell,out,0.1,1.06212,817,0.00,-0.75,-27.10,12 113.37,
2023.03.03 09:00:29,818,EURUSD,sell,in,0.1,1.06201,818,-0.70,0.00,0.00,12 112.67,
2023.03.07 11:45:00,819,EURUSD,buy,out,0.1,1.06585,819,0.00,0.50,-38.40,12 074.77,
2023.03.07 11:45:00,820,EURUSD,buy,in,0.1,1.06586,820,-0.70,0.00,0.00,12 074.07,
2023.03.09 13:15:00,821,EURUSD,sell,out,0.1,1.05766,821,0.00,-4.49,-82.00,11 987.58,
2023.03.09 13:15:03,822,EURUSD,sell,in,0.1,1.05764,822,-0.70,0.00,0.00,11 986.88,
2023.03.13 12:30:00,823,EURUSD,buy,out,0.1,1.06704,823,0.00,0.50,-94.00,11 893.38,
2023.03.13 12:30:01,824,EURUSD,buy,in,0.1,1.06707,824,-0.70,0.00,0.00,11 892.68,
2023.03.15 05:15:00,825,EURUSD,sell,out,0.1,1.07577,825,0.00,-1.50,87.00,11 978.18,
2023.03.15 05:16:35,826,EURUSD,sell,in,0.1,1.07536,826,-0.70,0.00,0.00,11 977.48,
2023.03.15 12:15:00,827,EURUSD,buy,out,0.1,1.07182,827,0.00,0.00,35.40,12 012.88,
2023.03.15 12:15:04,828,EURUSD,buy,in,0.1,1.07189,828,-0.70,0.00,0.00,12 012.18,
2023.03.16 08:30:00,829,EURUSD,sell,out,0.1,1.06120,829,0.00,-3.74,-106.90,11 901.54,
2023.03.16 08:37:44,830,EURUSD,sell,in,0.1,1.06109,830,-0.70,0.00,0.00,11 900.84,
2023.03.23 23:30:00,831,EURUSD,buy,out,0.1,1.08341,831,0.00,2.27,-223.20,11 679.91,
2023.03.23 23:31:14,832,EURUSD,buy,in,0.1,1.08344,832,-0.70,0.00,0.00,11 679.21,
2023.03.27 16:30:00,833,EURUSD,sell,out,0.1,1.07942,833,0.00,-1.50,-40.20,11 637.51,
2023.03.27 16:30:20,834,EURUSD,sell,in,0.1,1.07929,834,-0.70,0.00,0.00,11 636.81,
2023.03.29 10:00:00,835,EURUSD,buy,out,0.1,1.08230,835,0.00,0.50,-30.10,11 607.21,
2023.03.29 10:00:18,836,EURUSD,buy,in,0.1,1.08233,836,-0.70,0.00,0.00,11 606.51,
2023.03.29 13:00:00,837,EURUSD,sell,out,0.1,1.08598,837,0.00,0.00,36.50,11 643.01,
2023.03.29 13:01:29,838,EURUSD,sell,in,0.1,1.08583,838,-0.70,0.00,0.00,11 642.31,
2023.03.31 11:30:00,839,EURUSD,buy,out,0.1,1.08757,839,0.00,1.52,-17.40,11 626.43,
2023.03.31 11:32:45,840,EURUSD,buy,in,0.1,1.08783,840,-0.70,0.00,0.00,11 625.73,
2023.04.03 10:30:00,841,EURUSD,sell,out,0.1,1.08287,841,0.00,-0.75,-49.60,11 575.38,
2023.04.03 10:30:39,842,EURUSD,sell,in,0.1,1.08268,842,-0.70,0.00,0.00,11 574.68,
2023.04.05 17:45:00,843,EURUSD,buy,out,0.1,1.09146,843,0.00,0.50,-87.80,11 487.38,
2023.04.05 17:47:05,844,EURUSD,buy,in,0.1,1.09176,844,-0.70,0.00,0.00,11 486.68,
2023.04.06 10:15:00,845,EURUSD,sell,out,0.1,1.09160,845,0.00,-3.74,-1.60,11 481.34,
2023.04.06 10:16:16,846,EURUSD,sell,in,0.1,1.09123,846,-0.70,0.00,0.00,11 480.64,
2023.04.07 15:45:00,847,EURUSD,buy,out,0.1,1.08950,847,0.00,0.25,17.30,11 498.19,
2023.04.07 15:48:04,848,EURUSD,buy,in,0.1,1.08983,848,-0.70,0.00,0.00,11 497.49,
2023.04.10 11:00:00,849,EURUSD,sell,out,0.1,1.09167,849,0.00,-0.75,18.40,11 515.14,
2023.04.10 11:00:17,850,EURUSD,sell,in,0.1,1.09163,850,-0.70,0.00,0.00,11 514.44,
2023.04.10 15:15:00,851,EURUSD,buy,out,0.1,1.08693,851,0.00,0.00,47.00,11 561.44,
2023.04.10 15:40:00,852,EURUSD,buy,in,0.1,1.08707,852,-0.70,0.00,0.00,11 560.74,
2023.04.11 03:15:00,853,EURUSD,sell,out,0.1,1.08745,853,0.00,-0.75,3.80,11 563.79,
2023.04.11 03:22:42,854,EURUSD,sell,in,0.1,1.08738,854,-0.70,0.00,0.00,11 563.09,
2023.04.14 15:45:00,855,EURUSD,buy,out,0.1,1.10237,855,0.00,1.77,-149.90,11 414.96,
2023.04.14 15:51:37,856,EURUSD,buy,in,0.1,1.10285,856,-0.70,0.00,0.00,11 414.26,
2023.04.18 10:00:00,857,EURUSD,sell,out,0.1,1.09492,857,0.00,-1.50,-79.30,11 333.46,
2023.04.18 10:00:02,858,EURUSD,sell,in,0.1,1.09488,858,-0.70,0.00,0.00,11 332.76,
2023.04.19 09:15:00,859,EURUSD,buy,out,0.1,1.09577,859,0.00,0.25,-8.90,11 324.11,
2023.04.19 09:16:35,860,EURUSD,buy,in,0.1,1.09584,860,-0.70,0.00,0.00,11 323.41,
2023.04.21 16:00:00,861,EURUSD,sell,out,0.1,1.09881,861,0.00,-4.49,29.70,11 348.62,
2023.04.21 16:05:27,862,EURUSD,sell,in,0.1,1.09871,862,-0.70,0.00,0.00,11 347.92,
2023.04.25 10:30:00,863,EURUSD,buy,out,0.1,1.10271,863,0.00,0.50,-40.00,11 308.42,
2023.04.25 10:30:39,864,EURUSD,buy,in,0.1,1.10292,864,-0.70,0.00,0.00,11 307.72,
2023.04.26 08:45:00,865,EURUSD,sell,out,0.1,1.09890,865,0.00,-0.75,-40.20,11 266.77,
2023.04.26 08:45:14,866,EURUSD,sell,in,0.1,1.09885,866,-0.70,0.00,0.00,11 266.07,
2023.04.27 15:45:00,867,EURUSD,buy,out,0.1,1.10099,867,0.00,1.27,-21.40,11 245.94,
2023.04.27 15:46:43,868,EURUSD,buy,in,0.1,1.10125,868,-0.70,0.00,0.00,11 245.24,
2023.05.01 15:45:00,869,EURUSD,sell,out,0.1,1.10300,869,0.00,-1.50,17.50,11 261.24,
2023.05.01 15:46:59,870,EURUSD,sell,in,0.1,1.10267,870,-0.70,0.00,0.00,11 260.54,
2023.05.01 17:45:00,871,EURUSD,buy,out,0.1,1.09807,871,0.00,0.00,46.00,11 306.54,
2023.05.01 17:49:18,872,EURUSD,buy,in,0.1,1.09810,872,-0.70,0.00,0.00,11 305.84,
2023.05.02 04:30:00,873,EURUSD,sell,out,0.1,1.09927,873,0.00,-0.75,11.70,11 316.79,
2023.05.02 04:33:59,874,EURUSD,sell,in,0.1,1.09917,874,-0.70,0.00,0.00,11 316.09,
2023.05.04 11:15:00,875,EURUSD,buy,out,0.1,1.10557,875,0.00,1.52,-64.00,11 253.61,
2023.05.04 11:15:05,876,EURUSD,buy,in,0.1,1.10562,876,-0.70,0.00,0.00,11 252.91,
2023.05.05 07:00:00,877,EURUSD,sell,out,0.1,1.10440,877,0.00,-0.75,-12.20,11 239.96,
2023.05.05 07:00:20,878,EURUSD,sell,in,0.1,1.10438,878,-0.70,0.00,0.00,11 239.26,
2023.05.05 15:00:00,879,EURUSD,buy,out,0.1,1.10095,879,0.00,0.00,34.30,11 273.56,
2023.05.05 15:01:37,880,EURUSD,buy,in,0.1,1.10115,880,-0.70,0.00,0.00,11 272.86,
2023.05.08 07:45:00,881,EURUSD,sell,out,0.1,1.10424,881,0.00,-0.75,30.90,11 303.01,
2023.05.08 07:45:59,882,EURUSD,sell,in,0.1,1.10421,882,-0.70,0.00,0.00,11 302.31,
2023.05.08 21:15:00,883,EURUSD,buy,out,0.1,1.10078,883,0.00,0.00,34.30,11 336.61,
2023.05.08 21:15:02,884,EURUSD,buy,in,0.1,1.10081,884,-0.70,0.00,0.00,11 335.91,
2023.05.10 15:45:00,885,EURUSD,sell,out,0.1,1.09942,885,0.00,-1.50,-13.90,11 320.51,
2023.05.10 15:45:30,886,EURUSD,sell,in,0.1,1.09933,886,-0.70,0.00,0.00,11 319.81,
2023.05.11 09:45:00,887,EURUSD,buy,out,0.1,1.09542,887,0.00,1.27,39.10,11 360.18,
2023.05.11 12:01:34,888,EURUSD,buy,in,0.1,1.09325,888,-0.70,0.00,0.00,11 359.48,
2023.05.15 09:15:00,889,EURUSD,sell,out,0.1,1.08717,889,0.00,-1.50,-60.80,11 297.18,
2023.05.15 09:16:59,890,EURUSD,sell,in,0.1,1.08703,890,-0.70,0.00,0.00,11 296.48,
2023.05.17 09:00:00,891,EURUSD,buy,out,0.1,1.08532,891,0.00,0.50,17.10,11 314.08,
2023.05.17 09:00:30,892,EURUSD,buy,in,0.1,1.08542,892,-0.70,0.00,0.00,11 313.38,
2023.05.19 09:30:00,893,EURUSD,sell,out,0.1,1.07902,893,0.00,-4.49,-64.00,11 244.89,
2023.05.19 09:31:30,894,EURUSD,sell,in,0.1,1.07878,894,-0.70,0.00,0.00,11 244.19,
2023.05.23 13:15:00,895,EURUSD,buy,out,0.1,1.07739,895,0.00,0.50,13.90,11 258.59,
2023.05.23 13:33:17,896,EURUSD,buy,in,0.1,1.07738,896,-0.70,0.00,0.00,11 257.89,
2023.05.29 09:30:00,897,EURUSD,sell,out,0.1,1.07426,897,0.00,-5.99,-31.20,11 220.70,
2023.05.29 09:43:12,898,EURUSD,sell,in,0.1,1.07414,898,-0.70,0.00,0.00,11 220.00,
2023.05.29 13:15:00,899,EURUSD,buy,out,0.1,1.07147,899,0.00,0.00,26.70,11 246.70,
2023.05.29 13:15:00,900,EURUSD,buy,in,0.1,1.07147,900,-0.70,0.00,0.00,11 246.00,
2023.05.30 13:15:00,901,EURUSD,sell,out,0.1,1.07301,901,0.00,-0.75,15.40,11 260.65,
2023.05.30 13:15:04,902,EURUSD,sell,in,0.1,1.07297,902,-0.70,0.00,0.00,11 259.95,
2023.05.31 05:00:00,903,EURUSD,buy,out,0.1,1.07133,903,0.00,0.25,16.40,11 276.60,
2023.05.31 05:00:37,904,EURUSD,buy,in,0.1,1.07137,904,-0.70,0.00,0.00,11 275.90,
2023.06.01 13:00:00,905,EURUSD,sell,out,0.1,1.07089,905,0.00,-3.74,-4.80,11 267.36,
2023.06.01 13:00:01,906,EURUSD,sell,in,0.1,1.07085,906,-0.70,0.00,0.00,11 266.66,
2023.06.02 19:30:00,907,EURUSD,buy,out,0.1,1.07135,907,0.00,0.25,-5.00,11 261.91,
2023.06.02 19:31:12,908,EURUSD,buy,in,0.1,1.07150,908,-0.70,0.00,0.00,11 261.21,
2023.06.06 05:15:00,909,EURUSD,sell,out,0.1,1.07244,909,0.00,-1.50,9.40,11 269.11,
2023.06.06 05:15:41,910,EURUSD,sell,in,0.1,1.07235,910,-0.70,0.00,0.00,11 268.41,
2023.06.06 12:15:00,911,EURUSD,buy,out,0.1,1.06960,911,0.00,0.00,27.50,11 295.91,
2023.06.06 12:26:04,912,EURUSD,buy,in,0.1,1.06970,912,-0.70,0.00,0.00,11 295.21,
2023.06.07 03:45:00,913,EURUSD,sell,out,0.1,1.07036,913,0.00,-0.75,6.60,11 301.06,
2023.06.07 03:49:22,914,EURUSD,sell,in,0.1,1.07031,914,-0.70,0.00,0.00,11 300.36,
2023.06.07 09:30:00,915,EURUSD,buy,out,0.1,1.06782,915,0.00,0.00,24.90,11 325.26,
2023.06.07 09:30:02,916,EURUSD,buy,in,0.1,1.06786,916,-0.70,0.00,0.00,11 324.56,
2023.06.07 13:30:00,917,EURUSD,sell,out,0.1,1.07075,917,0.00,0.00,28.90,11 353.46,
2023.06.07 13:30:05,918,EURUSD,sell,in,0.1,1.07069,918,-0.70,0.00,0.00,11 352.76,
2023.06.09 13:00:00,919,EURUSD,buy,out,0.1,1.07586,919,0.00,1.52,-51.70,11 302.58,
2023.06.09 13:02:38,920,EURUSD,buy,in,0.1,1.07594,920,-0.70,0.00,0.00,11 301.88,
2023.06.12 11:00:00,921,EURUSD,sell,out,0.1,1.07694,921,0.00,-0.75,10.00,11 311.13,
2023.06.12 12:48:32,922,EURUSD,sell,in,0.1,1.07794,922,-0.70,0.00,0.00,11 310.43,
2023.06.14 21:30:00,923,EURUSD,buy,out,0.1,1.08110,923,0.00,0.50,-31.60,11 279.33,
2023.06.14 21:30:34,924,EURUSD,buy,in,0.1,1.08117,924,-0.70,0.00,0.00,11 278.63,
2023.06.15 12:30:00,925,EURUSD,sell,out,0.1,1.08437,925,0.00,-3.74,32.00,11 306.89,
2023.06.15 12:30:03,926,EURUSD,sell,in,0.1,1.08435,926,-0.70,0.00,0.00,11 306.19,
2023.06.19 13:00:00,927,EURUSD,buy,out,0.1,1.09108,927,0.00,0.50,-67.30,11 239.39,
2023.06.19 13:08:12,928,EURUSD,buy,in,0.1,1.09133,928,-0.70,0.00,0.00,11 238.69,
2023.06.21 17:45:00,929,EURUSD,sell,out,0.1,1.09592,929,0.00,-1.50,45.90,11 283.09,
2023.06.21 17:45:39,930,EURUSD,sell,in,0.1,1.09560,930,-0.70,0.00,0.00,11 282.39,
2023.06.22 16:15:00,931,EURUSD,buy,out,0.1,1.09694,931,0.00,1.27,-13.40,11 270.26,
2023.06.22 16:17:00,932,EURUSD,buy,in,0.1,1.09710,932,-0.70,0.00,0.00,11 269.56,
2023.06.27 05:00:00,933,EURUSD,sell,out,0.1,1.09241,933,0.00,-2.25,-46.90,11 220.41,
2023.06.27 05:00:39,934,EURUSD,sell,in,0.1,1.09230,934,-0.70,0.00,0.00,11 219.71,
2023.06.28 05:00:00,935,EURUSD,buy,out,0.1,1.09463,935,0.00,0.25,-23.30,11 196.66,
2023.06.28 05:00:02,936,EURUSD,buy,in,0.1,1.09465,936,-0.70,0.00,0.00,11 195.96,
2023.06.29 14:00:00,937,EURUSD,sell,out,0.1,1.09276,937,0.00,-3.74,-18.90,11 173.32,
2023.06.29 14:00:05,938,EURUSD,sell,in,0.1,1.09267,938,-0.70,0.00,0.00,11 172.62,
2023.06.29 16:00:00,939,EURUSD,buy,out,0.1,1.08813,939,0.00,0.00,45.40,11 218.02,
2023.06.29 16:06:05,940,EURUSD,buy,in,0.1,1.08844,940,-0.70,0.00,0.00,11 217.32,
2023.06.30 15:45:00,941,EURUSD,sell,out,0.1,1.08898,941,0.00,-0.75,5.40,11 221.97,
2023.06.30 17:50:40,942,EURUSD,sell,in,0.1,1.09113,942,-0.70,0.00,0.00,11 221.27,
2023.07.03 09:15:00,943,EURUSD,buy,out,0.1,1.08943,943,0.00,0.25,17.00,11 238.52,
2023.07.03 09:48:59,944,EURUSD,buy,in,0.1,1.08919,944,-0.70,0.00,0.00,11 237.82,
2023.07.05 10:15:00,945,EURUSD,sell,out,0.1,1.09017,945,0.00,-1.50,9.80,11 246.12,
2023.07.05 10:15:29,946,EURUSD,sell,in,0.1,1.09007,946,-0.70,0.00,0.00,11 245.42,
2023.07.05 21:30:00,947,EURUSD,buy,out,0.1,1.08546,947,0.00,0.00,46.10,11 291.52,
2023.07.05 21:44:51,948,EURUSD,buy,in,0.1,1.08553,948,-0.70,0.00,0.00,11 290.82,
2023.07.06 14:30:00,949,EURUSD,sell,out,0.1,1.08943,949,0.00,-3.74,39.00,11 326.08,
2023.07.06 14:31:29,950,EURUSD,sell,in,0.1,1.08924,950,-0.70,0.00,0.00,11 325.38,
2023.07.11 15:00:00,951,EURUSD,buy,out,0.1,1.09839,951,0.00,0.75,-91.50,11 234.63,
2023.07.11 15:01:28,952,EURUSD,buy,in,0.1,1.09860,952,-0.70,0.00,0.00,11 233.93,
2023.07.12 03:30:00,953,EURUSD,sell,out,0.1,1.10200,953,0.00,-0.75,34.00,11 267.18,
2023.07.12 03:37:33,954,EURUSD,sell,in,0.1,1.10185,954,-0.70,0.00,0.00,11 266.48,
2023.07.19 09:45:00,955,EURUSD,buy,out,0.1,1.11987,955,0.00,2.27,-180.20,11 088.55,
2023.07.19 09:45:16,956,EURUSD,buy,in,0.1,1.12001,956,-0.70,0.00,0.00,11 087.85,
2023.07.20 04:00:00,957,EURUSD,sell,out,0.1,1.12184,957,0.00,-3.74,18.30,11 102.41,
2023.07.20 04:10:28,958,EURUSD,sell,in,0.1,1.12168,958,-0.70,0.00,0.00,11 101.71,
2023.07.20 15:45:00,959,EURUSD,buy,out,0.1,1.11794,959,0.00,0.00,37.40,11 139.11,
2023.07.20 15:45:29,960,EURUSD,buy,in,0.1,1.11816,960,-0.70,0.00,0.00,11 138.41,
2023.07.26 09:00:00,961,EURUSD,sell,out,0.1,1.10620,961,0.00,-3.00,-119.60,11 015.81,
2023.07.26 09:00:01,962,EURUSD,sell,in,0.1,1.10618,962,-0.70,0.00,0.00,11 015.11,
2023.07.27 15:45:00,963,EURUSD,buy,out,0.1,1.10812,963,0.00,1.27,-19.40,10 996.98,
2023.07.27 20:04:17,964,EURUSD,buy,in,0.1,1.09969,964,-0.70,0.00,0.00,10 996.28,
2023.07.28 14:15:00,965,EURUSD,sell,out,0.1,1.10080,965,0.00,-0.75,11.10,11 006.63,
2023.07.28 14:33:43,966,EURUSD,sell,in,0.1,1.10123,966,-0.70,0.00,0.00,11 005.93,
2023.07.31 23:15:00,967,EURUSD,buy,out,0.1,1.09941,967,0.00,0.25,18.20,11 024.38,
2023.07.31 23:15:35,968,EURUSD,buy,in,0.1,1.09943,968,-0.70,0.00,0.00,11 023.68,
2023.08.02 01:00:00,969,EURUSD,sell,out,0.1,1.10170,969,0.00,-1.50,22.70,11 044.88,
2023.08.02 01:00:27,970,EURUSD,sell,in,0.1,1.10100,970,-0.70,0.00,0.00,11 044.18,
2023.08.02 17:15:00,971,EURUSD,buy,out,0.1,1.09356,971,0.00,0.00,74.40,11 118.58,
2023.08.02 17:38:05,972,EURUSD,buy,in,0.1,1.09313,972,-0.70,0.00,0.00,11 117.88,
2023.08.04 15:45:00,973,EURUSD,sell,out,0.1,1.09795,973,0.00,-4.49,48.20,11 161.59,
2023.08.04 17:00:40,974,EURUSD,sell,in,0.1,1.10058,974,-0.70,0.00,0.00,11 160.89,
2023.08.07 09:00:00,975,EURUSD,buy,out,0.1,1.09831,975,0.00,0.25,22.70,11 183.84,
2023.08.07 09:00:59,976,EURUSD,buy,in,0.1,1.09842,976,-0.70,0.00,0.00,11 183.14,
2023.08.09 08:30:00,977,EURUSD,sell,out,0.1,1.09774,977,0.00,-1.50,-6.80,11 174.84,
2023.08.09 08:30:03,978,EURUSD,sell,in,0.1,1.09771,978,-0.70,0.00,0.00,11 174.14,
2023.08.14 04:00:00,979,EURUSD,buy,out,0.1,1.09371,979,0.00,1.77,40.00,11 215.91,
2023.08.14 04:00:01,980,EURUSD,buy,in,0.1,1.09372,980,-0.70,0.00,0.00,11 215.21,
2023.08.14 11:45:00,981,EURUSD,sell,out,0.1,1.09592,981,0.00,0.00,22.00,11 237.21,
2023.08.14 11:46:37,982,EURUSD,sell,in,0.1,1.09580,982,-0.70,0.00,0.00,11 236.51,
2023.08.14 15:30:00,983,EURUSD,buy,out,0.1,1.09219,983,0.00,0.00,36.10,11 272.61,
2023.08.14 15:30:02,984,EURUSD,buy,in,0.1,1.09226,984,-0.70,0.00,0.00,11 271.91,
2023.08.16 09:30:00,985,EURUSD,sell,out,0.1,1.09272,985,0.00,-1.50,4.60,11 275.01,
2023.08.16 09:30:32,986,EURUSD,sell,in,0.1,1.09246,986,-0.70,0.00,0.00,11 274.31,
2023.08.17 04:30:00,987,EURUSD,buy,out,0.1,1.08629,987,0.00,1.27,61.70,11 337.28,
2023.08.17 04:37:59,988,EURUSD,buy,in,0.1,1.08646,988,-0.70,0.00,0.00,11 336.58,
2023.08.17 09:45:00,989,EURUSD,sell,out,0.1,1.08865,989,0.00,0.00,21.90,11 358.48,
2023.08.17 09:45:23,990,EURUSD,sell,in,0.1,1.08857,990,-0.70,0.00,0.00,11 357.78,
2023.08.22 14:30:00,991,EURUSD,buy,out,0.1,1.08838,991,0.00,0.75,1.90,11 360.43,
2023.08.22 14:30:16,992,EURUSD,buy,in,0.1,1.08841,992,-0.70,0.00,0.00,11 359.73,
2023.08.23 19:00:00,993,EURUSD,sell,out,0.1,1.08612,993,0.00,-0.75,-22.90,11 336.08,
2023.08.23 19:05:23,994,EURUSD,sell,in,0.1,1.08597,994,-0.70,0.00,0.00,11 335.38,
2023.08.24 15:15:00,995,EURUSD,buy,out,0.1,1.08381,995,0.00,1.27,21.60,11 358.25,
2023.08.24 15:15:59,996,EURUSD,buy,in,0.1,1.08392,996,-0.70,0.00,0.00,11 357.55,
2023.08.25 17:15:00,997,EURUSD,sell,out,0.1,1.08316,997,0.00,-0.75,-7.60,11 349.20,
2023.08.25 17:18:17,998,EURUSD,sell,in,0.1,1.08296,998,-0.70,0.00,0.00,11 348.50,
2023.08.29 10:00:00,999,EURUSD,buy,out,0.1,1.08089,999,0.00,0.50,20.70,11 369.70,
2023.08.29 10:00:25,1000,EURUSD,buy,in,0.1,1.08110,1000,-0.70,0.00,0.00,11 369.00,
2023.08.29 20:15:00,1001,EURUSD,sell,out,0.1,1.08731,1001,0.00,0.00,62.10,11 431.10,
2023.08.29 20:17:39,1002,EURUSD,sell,in,0.1,1.08693,1002,-0.70,0.00,0.00,11 430.40,
2023.08.30 08:30:00,1003,EURUSD,buy,out,0.1,1.08561,1003,0.00,0.25,13.20,11 443.85,
2023.08.30 08:30:18,1004,EURUSD,buy,in,0.1,1.08567,1004,-0.70,0.00,0.00,11 443.15,
2023.08.30 15:45:00,1005,EURUSD,sell,out,0.1,1.09159,1005,0.00,0.00,59.20,11 502.35,
2023.08.30 16:01:30,1006,EURUSD,sell,in,0.1,1.09146,1006,-0.70,0.00,0.00,11 501.65,
2023.08.31 10:00:00,1007,EURUSD,buy,out,0.1,1.09073,1007,0.00,1.27,7.30,11 510.22,
2023.08.31 10:00:34,1008,EURUSD,buy,in,0.1,1.09083,1008,-0.70,0.00,0.00,11 509.52,
2023.09.04 10:30:00,1009,EURUSD,sell,out,0.1,1.08048,1009,0.00,-1.50,-103.50,11 404.52,
2023.09.04 10:42:37,1010,EURUSD,sell,in,0.1,1.08015,1010,-0.70,0.00,0.00,11 403.82,
2023.09.05 09:30:00,1011,EURUSD,buy,out,0.1,1.07677,1011,0.00,0.25,33.80,11 437.87,
2023.09.05 09:46:59,1012,EURUSD,buy,in,0.1,1.07692,1012,-0.70,0.00,0.00,11 437.17,
2023.09.08 03:45:00,1013,EURUSD,sell,out,0.1,1.07097,1013,0.00,-5.24,-59.50,11 372.43,
2023.09.08 03:45:01,1014,EURUSD,sell,in,0.1,1.07094,1014,-0.70,0.00,0.00,11 371.73,
2023.09.12 10:15:00,1015,EURUSD,buy,out,0.1,1.07237,1015,0.00,0.50,-14.30,11 357.93,
2023.09.12 10:15:36,1016,EURUSD,buy,in,0.1,1.07258,1016,-0.70,0.00,0.00,11 357.23,
2023.09.12 23:45:00,1017,EURUSD,sell,out,0.1,1.07495,1017,0.00,0.00,23.70,11 380.93,
2023.09.12 23:45:06,1018,EURUSD,sell,in,0.1,1.07489,1018,-0.70,0.00,0.00,11 380.23,
2023.09.14 15:30:00,1019,EURUSD,buy,out,0.1,1.07000,1019,0.00,1.52,48.90,11 430.65,
2023.09.14 16:07:04,1020,EURUSD,buy,in,0.1,1.06929,1020,-0.70,0.00,0.00,11 429.95,
2023.09.15 09:30:00,1021,EURUSD,sell,out,0.1,1.06639,1021,0.00,-0.75,-29.00,11 400.20,
2023.09.15 09:30:36,1022,EURUSD,sell,in,0.1,1.06623,1022,-0.70,0.00,0.00,11 399.50,
2023.09.20 22:45:00,1023,EURUSD,buy,out,0.1,1.06627,1023,0.00,0.75,-0.40,11 399.85,
2023.09.20 22:46:04,1024,EURUSD,buy,in,0.1,1.06653,1024,-0.70,0.00,0.00,11 399.15,
2023.09.28 12:45:00,1025,EURUSD,sell,out,0.1,1.05354,1025,0.00,-10.48,-129.90,11 258.77,
2023.09.28 13:17:16,1026,EURUSD,sell,in,0.1,1.05362,1026,-0.70,0.00,0.00,11 258.07,
2023.10.02 12:30:00,1027,EURUSD,buy,out,0.1,1.05482,1027,0.00,0.50,-12.00,11 246.57,
2023.10.02 12:31:37,1028,EURUSD,buy,in,0.1,1.05484,1028,-0.70,0.00,0.00,11 245.87,
2023.10.04 11:15:00,1029,EURUSD,sell,out,0.1,1.04857,1029,0.00,-1.50,-62.70,11 181.67,
2023.10.04 11:15:00,1030,EURUSD,sell,in,0.1,1.04856,1030,-0.70,0.00,0.00,11 180.97,
2023.10.06 15:45:00,1031,EURUSD,buy,out,0.1,1.05077,1031,0.00,1.52,-22.10,11 160.39,
2023.10.06 16:07:28,1032,EURUSD,buy,in,0.1,1.05049,1032,-0.70,0.00,0.00,11 159.69,
2023.10.09 21:15:00,1033,EURUSD,sell,out,0.1,1.05667,1033,0.00,-0.75,61.80,11 220.74,
2023.10.09 21:15:36,1034,EURUSD,sell,in,0.1,1.05657,1034,-0.70,0.00,0.00,11 220.04,
2023.10.12 15:45:00,1035,EURUSD,buy,out,0.1,1.05836,1035,0.00,1.77,-17.90,11 203.91,
2023.10.12 15:47:31,1036,EURUSD,buy,in,0.1,1.05903,1036,-0.70,0.00,0.00,11 203.21,
2023.10.16 09:15:00,1037,EURUSD,sell,out,0.1,1.05326,1037,0.00,-1.50,-57.70,11 144.01,
2023.10.16 09:15:03,1038,EURUSD,sell,in,0.1,1.05325,1038,-0.70,0.00,0.00,11 143.31,
2023.10.17 09:30:00,1039,EURUSD,buy,out,0.1,1.05395,1039,0.00,0.25,-7.00,11 136.56,
2023.10.17 09:47:14,1040,EURUSD,buy,in,0.1,1.05390,1040,-0.70,0.00,0.00,11 135.86,
2023.10.18 09:15:00,1041,EURUSD,sell,out,0.1,1.05914,1041,0.00,-0.75,52.40,11 187.51,
2023.10.18 09:22:03,1042,EURUSD,sell,in,0.1,1.05891,1042,-0.70,0.00,0.00,11 186.81,
2023.10.18 17:45:00,1043,EURUSD,buy,out,0.1,1.05368,1043,0.00,0.00,52.30,11 239.11,
2023.10.18 17:45:04,1044,EURUSD,buy,in,0.1,1.05376,1044,-0.70,0.00,0.00,11 238.41,
2023.10.19 14:15:00,1045,EURUSD,sell,out,0.1,1.05588,1045,0.00,-3.74,21.20,11 255.87,
2023.10.19 14:17:11,1046,EURUSD,sell,in,0.1,1.05579,1046,-0.70,0.00,0.00,11 255.17,
2023.10.23 06:00:00,1047,EURUSD,buy,out,0.1,1.05737,1047,0.00,0.50,-15.80,11 239.87,
2023.10.23 06:00:30,1048,EURUSD,buy,in,0.1,1.05752,1048,-0.70,0.00,0.00,11 239.17,
2023.10.23 11:00:00,1049,EURUSD,sell,out,0.1,1.05977,1049,0.00,0.00,22.50,11 261.67,
2023.10.23 11:02:04,1050,EURUSD,sell,in,0.1,1.05956,1050,-0.70,0.00,0.00,11 260.97,
2023.10.24 11:15:00,1051,EURUSD,buy,out,0.1,1.06511,1051,0.00,0.25,-55.50,11 205.72,
2023.10.24 11:15:05,1052,EURUSD,buy,in,0.1,1.06524,1052,-0.70,0.00,0.00,11 205.02,
2023.10.27 16:45:00,1053,EURUSD,sell,out,0.1,1.05859,1053,0.00,-5.24,-66.50,11 133.28,
2023.10.27 16:45:19,1054,EURUSD,sell,in,0.1,1.05855,1054,-0.70,0.00,0.00,11 132.58,
2023.10.30 11:30:00,1055,EURUSD,buy,out,0.1,1.05482,1055,0.00,0.25,37.30,11 170.13,
2023.10.30 11:31:19,1056,EURUSD,buy,in,0.1,1.05486,1056,-0.70,0.00,0.00,11 169.43,
2023.10.30 12:30:00,1057,EURUSD,sell,out,0.1,1.05820,1057,0.00,0.00,33.40,11 202.83,
2023.10.30 12:30:21,1058,EURUSD,sell,in,0.1,1.05817,1058,-0.70,0.00,0.00,11 202.13,
2023.10.31 18:30:00,1059,EURUSD,buy,out,0.1,1.05832,1059,0.00,0.25,-1.50,11 200.88,
2023.10.31 20:03:27,1060,EURUSD,buy,in,0.1,1.05718,1060,-0.70,0.00,0.00,11 200.18,
2023.11.02 02:00:00,1061,EURUSD,sell,out,0.1,1.05784,1061,0.00,-4.49,6.60,11 202.29,
2023.11.02 02:00:23,1062,EURUSD,sell,in,0.1,1.05778,1062,-0.70,0.00,0.00,11 201.59,
2023.11.07 00:15:00,1063,EURUSD,buy,out,0.1,1.07170,1063,0.00,0.75,-139.20,11 063.14,
2023.11.07 00:15:06,1064,EURUSD,buy,in,0.1,1.07176,1064,-0.70,0.00,0.00,11 062.44,
2023.11.08 18:00:00,1065,EURUSD,sell,out,0.1,1.07053,1065,0.00,-0.75,-12.30,11 049.39,
2023.11.08 18:26:41,1066,EURUSD,sell,in,0.1,1.07058,1066,-0.70,0.00,0.00,11 048.69,
2023.11.09 21:30:00,1067,EURUSD,buy,out,0.1,1.06736,1067,0.00,1.27,32.20,11 082.16,
2023.11.09 21:30:00,1068,EURUSD,buy,in,0.1,1.06736,1068,-0.70,0.00,0.00,11 081.46,
2023.11.13 09:15:00,1069,EURUSD,sell,out,0.1,1.06954,1069,0.00,-1.50,21.80,11 101.76,
2023.11.13 09:15:24,1070,EURUSD,sell,in,0.1,1.06945,1070,-0.70,0.00,0.00,11 101.06,
2023.11.13 15:15:00,1071,EURUSD,buy,out,0.1,1.06670,1071,0.00,0.00,27.50,11 128.56,
2023.11.13 15:15:44,1072,EURUSD,buy,in,0.1,1.06677,1072,-0.70,0.00,0.00,11 127.86,
2023.11.14 09:30:00,1073,EURUSD,sell,out,0.1,1.07049,1073,0.00,-0.75,37.20,11 164.31,
2023.11.14 09:45:16,1074,EURUSD,sell,in,0.1,1.07048,1074,-0.70,0.00,0.00,11 163.61,
2023.11.15 11:30:00,1075,EURUSD,buy,out,0.1,1.08528,1075,0.00,0.25,-148.00,11 015.86,
2023.11.15 11:56:30,1076,EURUSD,buy,in,0.1,1.08504,1076,-0.70,0.00,0.00,11 015.16,
2023.11.16 11:00:00,1077,EURUSD,sell,out,0.1,1.08550,1077,0.00,-3.74,4.60,11 016.02,
2023.11.16 11:10:38,1078,EURUSD,sell,in,0.1,1.08530,1078,-0.70,0.00,0.00,11 015.32,
2023.11.17 09:30:00,1079,EURUSD,buy,out,0.1,1.08409,1079,0.00,0.25,12.10,11 027.67,
2023.11.17 09:30:00,1080,EURUSD,buy,in,0.1,1.08409,1080,-0.70,0.00,0.00,11 026.97,
2023.11.17 21:00:00,1081,EURUSD,sell,out,0.1,1.09031,1081,0.00,0.00,62.20,11 089.17,
2023.11.17 21:00:33,1082,EURUSD,sell,in,0.1,1.09028,1082,-0.70,0.00,0.00,11 088.47,
2023.11.21 20:15:00,1083,EURUSD,buy,out,0.1,1.09090,1083,0.00,0.50,-6.20,11 082.77,
2023.11.21 20:43:33,1084,EURUSD,buy,in,0.1,1.09092,1084,-0.70,0.00,0.00,11 082.07,
2023.11.23 04:15:00,1085,EURUSD,sell,out,0.1,1.08995,1085,0.00,-4.49,-9.70,11 067.88,
2023.11.23 04:17:35,1086,EURUSD,sell,in,0.1,1.08991,1086,-0.70,0.00,0.00,11 067.18,
2023.11.28 09:45:00,1087,EURUSD,buy,out,0.1,1.09395,1087,0.00,0.75,-40.40,11 027.53,
2023.11.28 10:00:28,1088,EURUSD,buy,in,0.1,1.09387,1088,-0.70,0.00,0.00,11 026.83,
2023.11.28 17:45:00,1089,EURUSD,sell,out,0.1,1.09920,1089,0.00,0.00,53.30,11 080.13,
2023.11.28 17:45:20,1090,EURUSD,sell,in,0.1,1.09900,1090,-0.70,0.00,0.00,11 079.43,
2023.11.30 10:30:00,1091,EURUSD,buy,out,0.1,1.09464,1091,0.00,1.52,43.60,11 124.55,
2023.11.30 11:16:40,1092,EURUSD,buy,in,0.1,1.09318,1092,-0.70,0.00,0.00,11 123.85,
2023.12.07 09:45:00,1093,EURUSD,sell,out,0.1,1.07778,1093,0.00,-6.74,-154.00,10 963.11,
2023.12.07 10:00:38,1094,EURUSD,sell,in,0.1,1.07782,1094,-0.70,0.00,0.00,10 962.41,
2023.12.08 16:00:00,1095,EURUSD,buy,out,0.1,1.07472,1095,0.00,0.25,31.00,10 993.66,
2023.12.08 16:31:20,1096,EURUSD,buy,in,0.1,1.07451,1096,-0.70,0.00,0.00,10 992.96,
2023.12.12 09:00:00,1097,EURUSD,sell,out,0.1,1.07794,1097,0.00,-1.50,34.30,11 025.76,
2023.12.12 09:00:31,1098,EURUSD,sell,in,0.1,1.07782,1098,-0.70,0.00,0.00,11 025.06,
2023.12.15 10:45:00,1099,EURUSD,buy,out,0.1,1.09518,1099,0.00,1.77,-173.60,10 853.23,
2023.12.15 10:51:40,1100,EURUSD,buy,in,0.1,1.09563,1100,-0.70,0.00,0.00,10 852.53,
2023.12.18 09:45:00,1101,EURUSD,sell,out,0.1,1.09266,1101,0.00,-0.75,-29.70,10 822.08,
2023.12.18 09:45:40,1102,EURUSD,sell,in,0.1,1.09240,1102,-0.70,0.00,0.00,10 821.38,
2023.12.20 08:00:00,1103,EURUSD,buy,out,0.1,1.09650,1103,0.00,0.50,-41.00,10 780.88,
2023.12.20 09:24:38,1104,EURUSD,buy,in,0.1,1.09586,1104,-0.70,0.00,0.00,10 780.18,
2023.12.21 13:45:00,1105,EURUSD,sell,out,0.1,1.09784,1105,0.00,-3.74,19.80,10 796.24,
2023.12.21 14:57:28,1106,EURUSD,sell,in,0.1,1.09791,1106,-0.70,0.00,0.00,10 795.54,
2023.12.28 16:00:00,1107,EURUSD,buy,out,0.1,1.10733,1107,0.00,2.28,-94.20,10 703.62,
2023.12.28 16:04:40,1108,EURUSD,buy,in,0.1,1.10821,1108,-0.70,0.00,0.00,10 702.92,
2023.12.29 23:54:59,1109,EURUSD,sell,out,0.1,1.10387,1109,0.00,-0.75,-43.40,10 658.77,end of test
,,,,,,,,-387.80,-346.63,1 393.20,10 658.77,
